Model,Rank,Feature,SHAP_Importance_Overall,SHAP_collision,SHAP_normal,SHAP_obstruction
KNN,1,Fx_peak_frequency,0.017030471389,0.023142149878,0.027475989371,0.000473274919
KNN,2,Ty_peak_frequency,0.016084022605,0.022856163287,0.023292000533,0.002103903994
KNN,3,Fy_entropy,0.015452843208,0.022805881008,0.018571670667,0.004980977950
KNN,4,Tx_peak_frequency,0.013413023542,0.018527969141,0.019498174406,0.002212927080
KNN,5,Fz_zero_crossing_rate,0.013237811117,0.020081437025,0.016817676482,0.002814319844
KNN,6,Fy_peak_frequency,0.012666182097,0.017784937443,0.018203503958,0.002010104890
KNN,7,Fz_peak_frequency,0.010895341428,0.013344543021,0.015762819793,0.003578661471
KNN,8,Fx_entropy,0.010852603862,0.016446271161,0.014224493578,0.001887046848
KNN,9,Tz_entropy,0.010285376520,0.015086015846,0.013537359965,0.002232753750
KNN,10,Tx_crest_factor,0.010145427141,0.012808413394,0.014891388064,0.002736479966
KNN,11,Fy_zero_crossing_rate,0.008529039684,0.009023451006,0.011872108417,0.004691559630
KNN,12,Tx_zero_crossing_rate,0.008222200177,0.008780051884,0.010263686807,0.005622861840
KNN,13,Fx_crest_factor,0.006971846174,0.006563908668,0.010501406347,0.003850223505
KNN,14,Ty_crest_factor,0.006700737424,0.010553868105,0.009548344166,0.000000000000
KNN,15,Tz_zero_crossing_rate,0.006580497041,0.011254830154,0.007075474616,0.001411186352
KNN,16,Ty_shape_factor,0.006415834103,0.009891232300,0.007926417230,0.001429852778
KNN,17,Tx_shape_factor,0.005731660303,0.006326351049,0.008607472022,0.002261157837
KNN,18,Fx_skewness,0.005661128729,0.008057471365,0.003719395592,0.005206519230
KNN,19,Fz_kurtosis,0.005412447763,0.008998446172,0.007238897117,0.000000000000
KNN,20,Fz_crest_factor,0.005246977922,0.004663094633,0.006627577395,0.004450261739
KNN,21,Fz_skewness,0.005037577290,0.008443184620,0.001408731967,0.005260815283
KNN,22,Fz_peak_to_peak,0.004937054601,0.003521761684,0.000844460018,0.010444942101
KNN,23,Tz_kurtosis,0.004899185504,0.008722848879,0.005178742246,0.000795965387
KNN,24,Fx_shape_factor,0.004835317754,0.006016863698,0.003519986049,0.004969103515
KNN,25,Fx_zero_crossing_rate,0.004543908755,0.006840887838,0.006790838427,0.000000000000
KNN,26,Tx_kurtosis,0.004430118390,0.007588740941,0.004035723790,0.001665890439
KNN,27,Fz_shape_factor,0.004419610790,0.002400394900,0.002370885595,0.008487551875
KNN,28,Tx_mean_abs,0.004119076694,0.002873198535,0.001742744515,0.007741287033
KNN,29,Fz_min,0.004070949542,0.002126428024,0.000000000000,0.010086420603
KNN,30,Fz_mean,0.004030161024,0.003889816559,0.001088574954,0.007112091560
KNN,31,Fz_last,0.003873880334,0.004141801491,0.001198068286,0.006281771224
KNN,32,Tx_rms,0.003861143918,0.002207993693,0.002012534582,0.007362903480
KNN,33,Tz_shape_factor,0.003823652609,0.006801037019,0.002472000033,0.002197920776
KNN,34,Fz_median,0.003650642314,0.003806183172,0.001701746552,0.005443997217
KNN,35,Tx_std,0.003649830998,0.003165524010,0.000588503400,0.007195465584
KNN,36,Fy_crest_factor,0.003553585492,0.004951026282,0.002890352943,0.002819377252
KNN,37,Fz_rms,0.003510171053,0.002855344138,0.000994456639,0.006680712382
KNN,38,Fz_mean_abs,0.003344333334,0.002507303597,0.000588181527,0.006937514877
KNN,39,Ty_zero_crossing_rate,0.003228753864,0.005048476586,0.004284621842,0.000353163164
KNN,40,Tx_energy,0.003224254146,0.002433385956,0.000974892071,0.006264484412
KNN,41,Fy_skewness,0.003101256918,0.005321468766,0.002279637184,0.001702664804
KNN,42,Fx_max,0.003016248907,0.002692136621,0.001674079681,0.004682530418
KNN,43,Ty_rms,0.002846357017,0.001565115733,0.002530555005,0.004443400313
KNN,44,Tz_peak_frequency,0.002802283099,0.004627572728,0.003779276569,0.000000000000
KNN,45,Fz_std,0.002739380957,0.002630030072,0.000000000000,0.005588112799
KNN,46,Fx_kurtosis,0.002681391897,0.004323704085,0.002746608495,0.000973863110
KNN,47,Tx_min,0.002552665106,0.001963794242,0.000634842210,0.005059358866
KNN,48,Ty_variance,0.002425909090,0.002285034644,0.002025239553,0.002967453072
KNN,49,Fx_first,0.002424309173,0.002643105898,0.001659370584,0.002970451038
KNN,50,Tz_crest_factor,0.002422515247,0.003066304093,0.001884459190,0.002316782457
KNN,51,Tx_peak_to_peak,0.002406959977,0.001969341620,0.001803166291,0.003448372020
KNN,52,Fx_cv,0.002386790737,0.003535971310,0.003326660434,0.000297740467
KNN,53,Ty_entropy,0.002313889707,0.004671355811,0.000000000000,0.002270313309
KNN,54,Ty_kurtosis,0.002270084591,0.003644352933,0.003165900842,0.000000000000
KNN,55,Ty_mean_abs,0.002200654237,0.001646197289,0.000421236195,0.004534529228
KNN,56,Ty_min,0.002196654150,0.002082855378,0.000516988420,0.003990118653
KNN,57,Fz_power,0.002172486678,0.002918588080,0.001286005448,0.002312866505
KNN,58,Tx_slope,0.001974951288,0.001352285612,0.000466529356,0.004106038895
KNN,59,Ty_peak_to_peak,0.001956775422,0.000000000000,0.003099911967,0.002770414300
KNN,60,Tz_last,0.001939546959,0.002102099158,0.000558346412,0.003158195306
KNN,61,Tx_power,0.001897781323,0.002339300679,0.000582109255,0.002771934036
KNN,62,Fy_mean_abs,0.001895253438,0.000702414821,0.000838176559,0.004145168934
KNN,63,Fz_slope,0.001893706440,0.002283838021,0.000464899888,0.002932381410
KNN,64,Ty_p90,0.001861344675,0.001882345681,0.000000000000,0.003701688343
KNN,65,Fz_max,0.001830424350,0.000817442230,0.001339209103,0.003334621716
KNN,66,Fz_energy,0.001825871744,0.002074818518,0.000493813905,0.002908982810
KNN,67,Tx_p90,0.001810620984,0.001575583659,0.000791685797,0.003064593497
KNN,68,Fy_p90,0.001787271770,0.001337255922,0.000000000000,0.004024559389
KNN,69,Tx_cv,0.001780068111,0.004411141745,0.000000000000,0.000929062587
KNN,70,Fz_first,0.001769445080,0.001006411819,0.000000000000,0.004301923421
KNN,71,Fy_max,0.001768983823,0.000821872341,0.001931325866,0.002553753262
KNN,72,Tx_entropy,0.001753740862,0.002280500354,0.002016520567,0.000964201665
KNN,73,Tx_last,0.001720372969,0.001292492930,0.000618104279,0.003250521698
KNN,74,Fy_first,0.001697958817,0.002032647540,0.000999838049,0.002061390862
KNN,75,Ty_std,0.001675075522,0.000996939648,0.001733824828,0.002294462092
KNN,76,Ty_skewness,0.001615300703,0.002454728697,0.001380600314,0.001010573098
KNN,77,Ty_iqr,0.001578123171,0.002376022254,0.000851678107,0.001506669153
KNN,78,Fy_shape_factor,0.001533132267,0.002510532797,0.000853522247,0.001235341757
KNN,79,Tx_median,0.001492636861,0.001651525302,0.000000000000,0.002826385280
KNN,80,Tz_p90,0.001488087344,0.001311692973,0.001018996528,0.002133572529
KNN,81,Tx_skewness,0.001464293096,0.002331712376,0.000368606997,0.001692559913
KNN,82,Fx_std,0.001343553688,0.001783077597,0.000877902540,0.001369680926
KNN,83,Fz_iqr,0.001324655605,0.000872748325,0.001435037203,0.001666181288
KNN,84,Fx_p90,0.001318380072,0.001191207570,0.000761254160,0.002002678487
KNN,85,Tx_mean,0.001317354546,0.001021883879,0.000534982418,0.002395197342
KNN,86,Ty_median,0.001282819568,0.000957459287,0.000000000000,0.002890999417
KNN,87,Tz_cv,0.001257729071,0.001761594629,0.001592579227,0.000419013358
KNN,88,Ty_slope,0.001244794925,0.001429946729,0.000000000000,0.002304438047
KNN,89,Fy_kurtosis,0.001217080100,0.001548455528,0.001337827670,0.000764957104
KNN,90,Tz_rms,0.001204161299,0.000000000000,0.001109829436,0.002502654461
KNN,91,Ty_first,0.001138673103,0.001908854168,0.000611729609,0.000895435532
KNN,92,Fz_p90,0.001132951041,0.000937381213,0.000531839909,0.001929632002
KNN,93,Ty_power,0.001115838258,0.001187536545,0.000518403596,0.001641574632
KNN,94,Fy_median,0.001110991607,0.001220927641,0.000334522598,0.001777524582
KNN,95,Tx_iqr,0.001110872281,0.001431506698,0.000000000000,0.001901110144
KNN,96,Fz_entropy,0.001095586743,0.001246024951,0.000336578273,0.001704157005
KNN,97,Fy_mean,0.001065747431,0.001081500674,0.000000000000,0.002115741619
KNN,98,Tz_iqr,0.000970317851,0.000906417023,0.000440446838,0.001564089692
KNN,99,Tz_mean_abs,0.000968650539,0.000534120012,0.000149132420,0.002222699186
KNN,100,Fy_slope,0.000963538671,0.000775215081,0.000430050460,0.001685350471
KNN,101,Tz_max,0.000909506558,0.001007246557,0.000000000000,0.001721273118
KNN,102,Ty_mean,0.000887589315,0.000877147079,0.000000000000,0.001785620866
KNN,103,Tz_mean,0.000875938708,0.001131925177,0.000205969653,0.001289921294
KNN,104,Ty_cv,0.000846853274,0.001066371276,0.000979962400,0.000494226146
KNN,105,Tz_slope,0.000815535253,0.000963356010,0.000000000000,0.001483249749
KNN,106,Fy_variance,0.000801869855,0.000994847910,0.001410761654,0.000000000000
KNN,107,Ty_max,0.000798331349,0.001056713628,0.000929701697,0.000408578722
KNN,108,Tz_first,0.000723480605,0.000850194794,0.000820550151,0.000499696870
KNN,109,Ty_energy,0.000718550918,0.000896441911,0.000000000000,0.001259210843
KNN,110,Fy_cv,0.000644740902,0.000777816311,0.001156406396,0.000000000000
KNN,111,Fz_variance,0.000582070731,0.000000000000,0.000472029778,0.001274182415
KNN,112,Fx_mean_abs,0.000556610627,0.000000000000,0.001669831881,0.000000000000
KNN,113,Tx_first,0.000541712099,0.000753645950,0.000000000000,0.000871490347
KNN,114,Fx_variance,0.000459075637,0.000939304260,0.000437922652,0.000000000000
KNN,115,Fx_energy,0.000396546219,0.000801491663,0.000000000000,0.000388146995
KNN,116,Tz_median,0.000387261755,0.000703172182,0.000000000000,0.000458613081
KNN,117,Fy_std,0.000304226635,0.000126573050,0.000000000000,0.000786106854
KNN,118,Fx_median,0.000279344077,0.000838032230,0.000000000000,0.000000000000
KNN,119,Fy_last,0.000209273693,0.000627821080,0.000000000000,0.000000000000
KNN,120,Tx_max,0.000207888417,0.000000000000,0.000623665251,0.000000000000
KNN,121,Fx_last,0.000205836914,0.000000000000,0.000000000000,0.000617510742
KNN,122,Fz_cv,0.000179726486,0.000000000000,0.000000000000,0.000539179458
KNN,123,Tz_std,0.000172685384,0.000000000000,0.000000000000,0.000518056153
KNN,124,Tz_variance,0.000152815780,0.000000000000,0.000000000000,0.000458447341
KNN,125,Tz_power,0.000142166717,0.000000000000,0.000000000000,0.000426500151
KNN,126,Fy_peak_to_peak,0.000138899201,0.000000000000,0.000000000000,0.000416697604
KNN,127,Fx_min,0.000136285508,0.000000000000,0.000000000000,0.000408856523
KNN,128,Tx_variance,0.000126302111,0.000000000000,0.000000000000,0.000378906332
KNN,129,Tz_peak_to_peak,0.000124675467,0.000000000000,0.000000000000,0.000374026402
KNN,130,Fx_peak_to_peak,0.000124081103,0.000000000000,0.000000000000,0.000372243309
KNN,131,Fy_rms,0.000118040575,0.000000000000,0.000354121725,0.000000000000
KNN,132,Ty_last,0.000088528960,0.000000000000,0.000000000000,0.000265586879
KNN,133,Fx_mean,0.000075612179,0.000000000000,0.000000000000,0.000226836538
KNN,134,Tz_skewness,0.000059884451,0.000000000000,0.000179653353,0.000000000000
KNN,135,Fx_rms,0.000000000000,0.000000000000,0.000000000000,0.000000000000
KNN,136,Fy_energy,0.000000000000,0.000000000000,0.000000000000,0.000000000000
KNN,137,Fy_power,0.000000000000,0.000000000000,0.000000000000,0.000000000000
KNN,138,Fy_iqr,0.000000000000,0.000000000000,0.000000000000,0.000000000000
KNN,139,Fx_power,0.000000000000,0.000000000000,0.000000000000,0.000000000000
KNN,140,Fx_iqr,0.000000000000,0.000000000000,0.000000000000,0.000000000000
KNN,141,Tz_energy,0.000000000000,0.000000000000,0.000000000000,0.000000000000
KNN,142,Fy_min,0.000000000000,0.000000000000,0.000000000000,0.000000000000
KNN,143,Tz_min,0.000000000000,0.000000000000,0.000000000000,0.000000000000
KNN,144,Fx_slope,0.000000000000,0.000000000000,0.000000000000,0.000000000000
SVM,1,Ty_peak_frequency,0.026666308895,0.039503004954,0.040495921730,0.000000000000
SVM,2,Fx_peak_frequency,0.022041132148,0.033935710647,0.032187685795,0.000000000000
SVM,3,Fy_entropy,0.018398938547,0.023811240762,0.027728317131,0.003657257748
SVM,4,Ty_crest_factor,0.015376534718,0.021826550980,0.022466294434,0.001836758740
SVM,5,Fz_peak_frequency,0.015320701126,0.016340750922,0.022055252843,0.007566099615
SVM,6,Tx_crest_factor,0.014236495610,0.021825986626,0.020883500203,0.000000000000
SVM,7,Tx_peak_frequency,0.013651256331,0.016045339379,0.019659106220,0.005249323394
SVM,8,Fz_min,0.012868040327,0.012235716734,0.000462869671,0.025905534577
SVM,9,Fz_shape_factor,0.012636935134,0.011415129923,0.003230895111,0.023264780367
SVM,10,Fz_peak_to_peak,0.011969493559,0.011952354539,0.000000000000,0.023956126138
SVM,11,Fx_entropy,0.009465103020,0.009388853485,0.014966723763,0.004039731812
SVM,12,Tz_entropy,0.009454678235,0.012870471224,0.015493563482,0.000000000000
SVM,13,Fz_rms,0.008391330519,0.006324335078,0.000462976126,0.018386680353
SVM,14,Fz_std,0.008341362382,0.006506049620,0.000000000000,0.018518037526
SVM,15,Fy_zero_crossing_rate,0.008215467796,0.008090434956,0.011911583100,0.004644385333
SVM,16,Ty_zero_crossing_rate,0.007915329051,0.011801014462,0.008950021990,0.002994950701
SVM,17,Tx_rms,0.007363666285,0.004680163308,0.001621693407,0.015789142140
SVM,18,Fz_skewness,0.007185351574,0.009959483176,0.000000000000,0.011596571544
SVM,19,Fy_peak_frequency,0.006452966695,0.010530755976,0.008626453099,0.000201691009
SVM,20,Ty_shape_factor,0.006356023380,0.007988273446,0.011079796693,0.000000000000
SVM,21,Tx_zero_crossing_rate,0.006250729069,0.007124737949,0.000000000000,0.011627449257
SVM,22,Fx_zero_crossing_rate,0.006161431789,0.008053365372,0.010188340005,0.000242589990
SVM,23,Fz_last,0.005032812056,0.004148313913,0.001096252020,0.009853870234
SVM,24,Tx_shape_factor,0.004655815676,0.006283718035,0.007683728993,0.000000000000
SVM,25,Tx_mean_abs,0.004394293705,0.003837524441,0.001718963085,0.007626393588
SVM,26,Tz_peak_frequency,0.003805095560,0.005177500809,0.005046541726,0.001191244144
SVM,27,Fz_mean_abs,0.003614418857,0.002605069439,0.000497268101,0.007740919033
SVM,28,Fz_zero_crossing_rate,0.003596439863,0.006470456432,0.004318863156,0.000000000000
SVM,29,Fz_kurtosis,0.003567084118,0.006717650323,0.002488546492,0.001495055540
SVM,30,Fz_crest_factor,0.003337961659,0.001121041779,0.002956231733,0.005936611467
SVM,31,Ty_skewness,0.002937647877,0.005385635682,0.003427307947,0.000000000000
SVM,32,Tx_min,0.002715899249,0.000994833025,0.001055871946,0.006096992774
SVM,33,Tx_entropy,0.002499100034,0.002758457894,0.004738842209,0.000000000000
SVM,34,Tx_std,0.002309994255,0.000680263949,0.000435004657,0.005814714159
SVM,35,Ty_entropy,0.002297931278,0.003884936040,0.002632191583,0.000376666211
SVM,36,Tz_kurtosis,0.002283249351,0.003178936238,0.003670811815,0.000000000000
SVM,37,Fz_mean,0.002158344853,0.002200166056,0.000541168575,0.003733699928
SVM,38,Fz_entropy,0.002051742239,0.001967028032,0.000653361673,0.003534837013
SVM,39,Fy_max,0.001970021339,0.001782292023,0.000476887510,0.003650884483
SVM,40,Tx_power,0.001903470621,0.002011246158,0.000000000000,0.003699165705
SVM,41,Tx_last,0.001877570815,0.001967975520,0.000000000000,0.003664736924
SVM,42,Tz_zero_crossing_rate,0.001861709539,0.004221270526,0.001363858092,0.000000000000
SVM,43,Fx_skewness,0.001603843523,0.001265744201,0.002395048287,0.001150738080
SVM,44,Tz_shape_factor,0.001599045571,0.003019168690,0.000214564558,0.001563403465
SVM,45,Fz_first,0.001577951605,0.000000000000,0.000000000000,0.004733854815
SVM,46,Fx_shape_factor,0.001539206568,0.000000000000,0.001124332887,0.003493286816
SVM,47,Tx_energy,0.001407408264,0.001744176686,0.000000000000,0.002478048105
SVM,48,Ty_rms,0.001127159026,0.000781849687,0.000495570760,0.002104056632
SVM,49,Ty_iqr,0.001113979185,0.001704235853,0.001301093810,0.000336607892
SVM,50,Fz_energy,0.001109145858,0.001126433940,0.000497617534,0.001703386100
SVM,51,Ty_variance,0.001037663302,0.001025740461,0.000500497140,0.001586752304
SVM,52,Ty_energy,0.001024862369,0.001045234236,0.000443493343,0.001585859528
SVM,53,Fy_p90,0.001016699429,0.001180155580,0.000000000000,0.001869942706
SVM,54,Tx_iqr,0.000948760133,0.000517457925,0.000000000000,0.002328822475
SVM,55,Fy_median,0.000924011284,0.001349477879,0.000000000000,0.001422555974
SVM,56,Ty_median,0.000906574316,0.001186410141,0.000000000000,0.001533312807
SVM,57,Fz_median,0.000881432939,0.000000000000,0.001460407207,0.001183891611
SVM,58,Fz_power,0.000862069599,0.001090377682,0.000000000000,0.001495831114
SVM,59,Tx_p90,0.000857687876,0.001074718861,0.000000000000,0.001498344768
SVM,60,Tz_cv,0.000842543168,0.001371744058,0.000000000000,0.001155885447
SVM,61,Tx_kurtosis,0.000821609069,0.001651804269,0.000813022937,0.000000000000
SVM,62,Ty_power,0.000802626111,0.000929395351,0.000000000000,0.001478482984
SVM,63,Tx_cv,0.000756928949,0.001239415508,0.000514473954,0.000516897385
SVM,64,Tx_slope,0.000665868634,0.000740978656,0.000000000000,0.001256627246
SVM,65,Tx_median,0.000653810689,0.000787358374,0.000000000000,0.001174073692
SVM,66,Tx_mean,0.000651562953,0.000744587818,0.000000000000,0.001210101042
SVM,67,Fz_iqr,0.000639114755,0.000740850172,0.000000000000,0.001176494092
SVM,68,Tz_iqr,0.000620232182,0.000637796722,0.000000000000,0.001222899822
SVM,69,Fx_median,0.000591937120,0.000576761151,0.000000000000,0.001199050208
SVM,70,Tz_skewness,0.000588341079,0.001126196146,0.000000000000,0.000638827092
SVM,71,Tz_crest_factor,0.000564859502,0.000369948873,0.001324629632,0.000000000000
SVM,72,Ty_std,0.000497733721,0.000000000000,0.001493201163,0.000000000000
SVM,73,Ty_cv,0.000461009487,0.000892734389,0.000490294071,0.000000000000
SVM,74,Fz_max,0.000397633957,0.000000000000,0.000419407181,0.000773494689
SVM,75,Fx_crest_factor,0.000343020287,0.000000000000,0.000774590265,0.000254470595
SVM,76,Ty_peak_to_peak,0.000340486741,0.000342135840,0.000679324382,0.000000000000
SVM,77,Fy_mean,0.000321221264,0.000963663792,0.000000000000,0.000000000000
SVM,78,Fx_kurtosis,0.000296530137,0.000000000000,0.000000000000,0.000889590410
SVM,79,Fz_p90,0.000289449462,0.000000000000,0.000868348385,0.000000000000
SVM,80,Ty_max,0.000276096195,0.000586368885,0.000241919700,0.000000000000
SVM,81,Tz_max,0.000252903617,0.000000000000,0.000758710850,0.000000000000
SVM,82,Tx_peak_to_peak,0.000241523079,0.000000000000,0.000000000000,0.000724569238
SVM,83,Fx_last,0.000232198615,0.000696595845,0.000000000000,0.000000000000
SVM,84,Fx_max,0.000211745976,0.000000000000,0.000426751403,0.000208486526
SVM,85,Tz_peak_to_peak,0.000204742337,0.000614227012,0.000000000000,0.000000000000
SVM,86,Fy_rms,0.000155128222,0.000000000000,0.000465384667,0.000000000000
SVM,87,Fx_cv,0.000146407175,0.000000000000,0.000439221526,0.000000000000
SVM,88,Ty_p90,0.000144212588,0.000000000000,0.000378636778,0.000054000986
SVM,89,Fx_rms,0.000143606468,0.000000000000,0.000430819403,0.000000000000
SVM,90,Fx_peak_to_peak,0.000140219902,0.000000000000,0.000420659707,0.000000000000
SVM,91,Ty_mean_abs,0.000139686791,0.000000000000,0.000419060374,0.000000000000
SVM,92,Tz_rms,0.000139079520,0.000000000000,0.000417238559,0.000000000000
SVM,93,Fx_iqr,0.000128284821,0.000000000000,0.000384854463,0.000000000000
SVM,94,Fy_min,0.000127407793,0.000382223380,0.000000000000,0.000000000000
SVM,95,Fy_mean_abs,0.000111821482,0.000000000000,0.000335464446,0.000000000000
SVM,96,Tz_min,0.000095138936,0.000000000000,0.000000000000,0.000285416807
SVM,97,Tz_mean_abs,0.000069132962,0.000000000000,0.000000000000,0.000207398885
SVM,98,Ty_kurtosis,0.000034024263,0.000000000000,0.000000000000,0.000102072790
SVM,99,Fx_mean,0.000024265243,0.000000000000,0.000000000000,0.000072795730
SVM,100,Ty_slope,0.000016677806,0.000000000000,0.000000000000,0.000050033417
SVM,101,Fy_peak_to_peak,0.000000000000,0.000000000000,0.000000000000,0.000000000000
SVM,102,Fy_std,0.000000000000,0.000000000000,0.000000000000,0.000000000000
SVM,103,Fx_mean_abs,0.000000000000,0.000000000000,0.000000000000,0.000000000000
SVM,104,Fz_variance,0.000000000000,0.000000000000,0.000000000000,0.000000000000
SVM,105,Fx_std,0.000000000000,0.000000000000,0.000000000000,0.000000000000
SVM,106,Fy_energy,0.000000000000,0.000000000000,0.000000000000,0.000000000000
SVM,107,Fy_power,0.000000000000,0.000000000000,0.000000000000,0.000000000000
SVM,108,Tz_std,0.000000000000,0.000000000000,0.000000000000,0.000000000000
SVM,109,Fy_iqr,0.000000000000,0.000000000000,0.000000000000,0.000000000000
SVM,110,Fx_power,0.000000000000,0.000000000000,0.000000000000,0.000000000000
SVM,111,Fx_energy,0.000000000000,0.000000000000,0.000000000000,0.000000000000
SVM,112,Fy_variance,0.000000000000,0.000000000000,0.000000000000,0.000000000000
SVM,113,Ty_min,0.000000000000,0.000000000000,0.000000000000,0.000000000000
SVM,114,Tz_power,0.000000000000,0.000000000000,0.000000000000,0.000000000000
SVM,115,Tz_energy,0.000000000000,0.000000000000,0.000000000000,0.000000000000
SVM,116,Tx_variance,0.000000000000,0.000000000000,0.000000000000,0.000000000000
SVM,117,Fx_min,0.000000000000,0.000000000000,0.000000000000,0.000000000000
SVM,118,Tz_p90,0.000000000000,0.000000000000,0.000000000000,0.000000000000
SVM,119,Fx_variance,0.000000000000,0.000000000000,0.000000000000,0.000000000000
SVM,120,Tz_variance,0.000000000000,0.000000000000,0.000000000000,0.000000000000
SVM,121,Fx_p90,0.000000000000,0.000000000000,0.000000000000,0.000000000000
SVM,122,Fy_crest_factor,0.000000000000,0.000000000000,0.000000000000,0.000000000000
SVM,123,Tx_max,0.000000000000,0.000000000000,0.000000000000,0.000000000000
SVM,124,Fx_slope,0.000000000000,0.000000000000,0.000000000000,0.000000000000
SVM,125,Fy_shape_factor,0.000000000000,0.000000000000,0.000000000000,0.000000000000
SVM,126,Tz_slope,0.000000000000,0.000000000000,0.000000000000,0.000000000000
SVM,127,Fy_slope,0.000000000000,0.000000000000,0.000000000000,0.000000000000
SVM,128,Fz_cv,0.000000000000,0.000000000000,0.000000000000,0.000000000000
SVM,129,Tz_first,0.000000000000,0.000000000000,0.000000000000,0.000000000000
SVM,130,Fy_cv,0.000000000000,0.000000000000,0.000000000000,0.000000000000
SVM,131,Fz_slope,0.000000000000,0.000000000000,0.000000000000,0.000000000000
SVM,132,Ty_first,0.000000000000,0.000000000000,0.000000000000,0.000000000000
SVM,133,Fy_kurtosis,0.000000000000,0.000000000000,0.000000000000,0.000000000000
SVM,134,Ty_last,0.000000000000,0.000000000000,0.000000000000,0.000000000000
SVM,135,Fy_skewness,0.000000000000,0.000000000000,0.000000000000,0.000000000000
SVM,136,Fx_first,0.000000000000,0.000000000000,0.000000000000,0.000000000000
SVM,137,Tz_median,0.000000000000,0.000000000000,0.000000000000,0.000000000000
SVM,138,Tz_last,0.000000000000,0.000000000000,0.000000000000,0.000000000000
SVM,139,Tz_mean,0.000000000000,0.000000000000,0.000000000000,0.000000000000
SVM,140,Fy_first,0.000000000000,0.000000000000,0.000000000000,0.000000000000
SVM,141,Fy_last,0.000000000000,0.000000000000,0.000000000000,0.000000000000
SVM,142,Tx_first,0.000000000000,0.000000000000,0.000000000000,0.000000000000
SVM,143,Ty_mean,0.000000000000,0.000000000000,0.000000000000,0.000000000000
SVM,144,Tx_skewness,0.000000000000,0.000000000000,0.000000000000,0.000000000000
MLP,1,Tx_crest_factor,0.036118221601,0.054587163065,0.038921015636,0.014846486103
MLP,2,Fy_entropy,0.024884303105,0.034003797572,0.039286185128,0.001362926616
MLP,3,Ty_peak_frequency,0.022703533359,0.033066902748,0.034818048831,0.000225648498
MLP,4,Ty_crest_factor,0.020397941655,0.029337486028,0.027403816824,0.004452522113
MLP,5,Fz_peak_to_peak,0.019035471456,0.023426673507,0.000000000000,0.033679740860
MLP,6,Fz_peak_frequency,0.017421389897,0.016901826971,0.024168081028,0.011194261693
MLP,7,Ty_zero_crossing_rate,0.016663892073,0.024842196257,0.015802789911,0.009346690052
MLP,8,Fz_min,0.015553820838,0.018798171337,0.000000000000,0.027863291178
MLP,9,Fx_peak_frequency,0.015117408882,0.023936729403,0.021415497243,0.000000000000
MLP,10,Fx_zero_crossing_rate,0.014540316453,0.020768354834,0.021077804299,0.001774790226
MLP,11,Fz_shape_factor,0.013603851316,0.014993458531,0.001432811457,0.024385283961
MLP,12,Tx_peak_frequency,0.011697508077,0.014050541574,0.020691388822,0.000350593836
MLP,13,Fz_zero_crossing_rate,0.011039287049,0.017495879294,0.010987400832,0.004634581023
MLP,14,Fz_std,0.010757210823,0.009050261602,0.000000000000,0.023221370868
MLP,15,Fz_rms,0.010250199047,0.010011418185,0.000000000000,0.020739178954
MLP,16,Fy_peak_frequency,0.009215292750,0.013369916127,0.014135153436,0.000140808687
MLP,17,Fz_mean_abs,0.008061848400,0.009557067452,0.000000000000,0.014628477748
MLP,18,Tx_shape_factor,0.007613843252,0.010344046616,0.012497483139,0.000000000000
MLP,19,Ty_shape_factor,0.007344557595,0.009778227887,0.011181419505,0.001074025395
MLP,20,Fy_zero_crossing_rate,0.007108633374,0.003568190953,0.007556820866,0.010200888305
MLP,21,Tx_zero_crossing_rate,0.006486841478,0.005307743898,0.007381229758,0.006771550777
MLP,22,Tx_mean_abs,0.006321111497,0.005452987390,0.000000000000,0.013510347100
MLP,23,Tz_entropy,0.006084985362,0.008167596211,0.010087359875,0.000000000000
MLP,24,Fx_entropy,0.005537629285,0.004715764709,0.010533548540,0.001363574607
MLP,25,Tx_min,0.004613518382,0.002692474959,0.001894258044,0.009253822143
MLP,26,Fz_last,0.004427166173,0.003216090811,0.001797894095,0.008267513612
MLP,27,Fz_entropy,0.003861188407,0.004778634157,0.000000000000,0.006804931065
MLP,28,Ty_entropy,0.003697529985,0.003835983962,0.007256605993,0.000000000000
MLP,29,Fz_mean,0.003568652052,0.002912872696,0.000491976728,0.007301106733
MLP,30,Ty_skewness,0.003426924564,0.005918289332,0.001801203997,0.002561280361
MLP,31,Tx_rms,0.003373112277,0.001872998695,0.001535654927,0.006710683209
MLP,32,Fz_kurtosis,0.003278386941,0.006174096034,0.002926944128,0.000734120661
MLP,33,Tx_entropy,0.003190848812,0.002896453704,0.005673578991,0.001002513742
MLP,34,Tz_kurtosis,0.002739230203,0.004042537163,0.003819726292,0.000355427155
MLP,35,Ty_iqr,0.002670958701,0.003356219370,0.003651339764,0.001005316967
MLP,36,Tz_mean_abs,0.002612398288,0.001649261435,0.000000000000,0.006187933429
MLP,37,Fz_first,0.002555363498,0.002751275911,0.000000000000,0.004914814581
MLP,38,Tz_peak_frequency,0.002173224061,0.001777585939,0.004742086244,0.000000000000
MLP,39,Ty_rms,0.001928625001,0.002061009574,0.000000000000,0.003724865428
MLP,40,Fx_crest_factor,0.001881777759,0.000979540234,0.004256471280,0.000409321764
MLP,41,Tz_zero_crossing_rate,0.001832046428,0.004345355251,0.001150784033,0.000000000000
MLP,42,Fy_max,0.001691464453,0.000673916571,0.000582302075,0.003818174712
MLP,43,Tz_shape_factor,0.001682966577,0.002403318564,0.000706720416,0.001938860750
MLP,44,Fx_kurtosis,0.001573972395,0.001859507973,0.000000000000,0.002862409213
MLP,45,Fx_median,0.001569628917,0.001681594628,0.000307827343,0.002719464780
MLP,46,Tx_energy,0.001497607316,0.001772864177,0.000000000000,0.002719957771
MLP,47,Fz_energy,0.001353294252,0.001684517844,0.000000000000,0.002375364911
MLP,48,Fz_power,0.001344245130,0.001283309712,0.000517146987,0.002232278690
MLP,49,Fy_median,0.001343497114,0.001874121155,0.000000000000,0.002156370188
MLP,50,Fz_skewness,0.001157987062,0.002049624696,0.000000000000,0.001424336490
MLP,51,Ty_p90,0.001149582444,0.000000000000,0.001615084137,0.001833663195
MLP,52,Fx_shape_factor,0.001134504853,0.001427752373,0.000000000000,0.001975762185
MLP,53,Ty_cv,0.001133833952,0.002218556214,0.000884252013,0.000298693630
MLP,54,Ty_energy,0.000894962146,0.001003981152,0.000000000000,0.001680905284
MLP,55,Tz_cv,0.000862023947,0.001368183932,0.000335902717,0.000881985193
MLP,56,Ty_max,0.000830558489,0.000632830464,0.000275100979,0.001583744023
MLP,57,Tz_energy,0.000727352079,0.000673049327,0.000000000000,0.001509006909
MLP,58,Tx_peak_to_peak,0.000712592485,0.000000000000,0.000951639431,0.001186138023
MLP,59,Fz_iqr,0.000617576331,0.001113799056,0.000000000000,0.000738929937
MLP,60,Fz_variance,0.000595386524,0.001046455420,0.000000000000,0.000739704150
MLP,61,Tx_kurtosis,0.000594211585,0.000870718315,0.000911916440,0.000000000000
MLP,62,Tx_last,0.000591198048,0.000523330574,0.000950148675,0.000300114896
MLP,63,Tx_iqr,0.000590054676,0.000751485001,0.000699216953,0.000319462073
MLP,64,Fx_last,0.000556489170,0.000000000000,0.000495293170,0.001174174340
MLP,65,Ty_mean_abs,0.000547571377,0.000000000000,0.000424866860,0.001217847270
MLP,66,Fz_median,0.000493769619,0.000000000000,0.001481308857,0.000000000000
MLP,67,Fy_shape_factor,0.000473860498,0.000506023665,0.000915557830,0.000000000000
MLP,68,Ty_peak_to_peak,0.000465588257,0.000605152005,0.000791612765,0.000000000000
MLP,69,Fz_crest_factor,0.000436530908,0.000000000000,0.000319458104,0.000990134620
MLP,70,Ty_slope,0.000423158479,0.000000000000,0.000000000000,0.001269475437
MLP,71,Fz_max,0.000377200484,0.000000000000,0.000823347073,0.000308254381
MLP,72,Fy_crest_factor,0.000369811054,0.000506044750,0.000163640621,0.000439747790
MLP,73,Fx_peak_to_peak,0.000368827287,0.000000000000,0.001106481862,0.000000000000
MLP,74,Fx_skewness,0.000350211988,0.000000000000,0.000693801617,0.000356834348
MLP,75,Tx_mean,0.000347762844,0.000000000000,0.001043288532,0.000000000000
MLP,76,Tx_cv,0.000339516410,0.000697464182,0.000321085048,0.000000000000
MLP,77,Tz_std,0.000330074509,0.000277180590,0.000713042938,0.000000000000
MLP,78,Fx_mean_abs,0.000293682252,0.000000000000,0.000881046755,0.000000000000
MLP,79,Fx_max,0.000288722401,0.000000000000,0.000866167202,0.000000000000
MLP,80,Fy_iqr,0.000283732998,0.000000000000,0.000000000000,0.000851198994
MLP,81,Ty_kurtosis,0.000275601743,0.000000000000,0.000279598554,0.000547206675
MLP,82,Fy_kurtosis,0.000262945953,0.000196106084,0.000592731776,0.000000000000
MLP,83,Tz_max,0.000255038962,0.000000000000,0.000765116885,0.000000000000
MLP,84,Tx_power,0.000252418816,0.000757256447,0.000000000000,0.000000000000
MLP,85,Tx_median,0.000249797768,0.000000000000,0.000749393305,0.000000000000
MLP,86,Tz_variance,0.000247739821,0.000743219464,0.000000000000,0.000000000000
MLP,87,Tz_median,0.000243585203,0.000000000000,0.000730755610,0.000000000000
MLP,88,Tx_slope,0.000237009964,0.000711029893,0.000000000000,0.000000000000
MLP,89,Fz_cv,0.000210368501,0.000631105503,0.000000000000,0.000000000000
MLP,90,Ty_std,0.000186886667,0.000000000000,0.000560660001,0.000000000000
MLP,91,Fz_p90,0.000183846762,0.000000000000,0.000551540286,0.000000000000
MLP,92,Fx_cv,0.000177795304,0.000000000000,0.000533385913,0.000000000000
MLP,93,Fy_last,0.000176767865,0.000000000000,0.000530303596,0.000000000000
MLP,94,Tx_std,0.000151850455,0.000000000000,0.000000000000,0.000455551366
MLP,95,Tz_slope,0.000141811351,0.000425434054,0.000000000000,0.000000000000
MLP,96,Fy_peak_to_peak,0.000133560164,0.000000000000,0.000400680492,0.000000000000
MLP,97,Fy_cv,0.000133328423,0.000000000000,0.000000000000,0.000399985269
MLP,98,Fy_power,0.000127785820,0.000000000000,0.000000000000,0.000383357460
MLP,99,Fy_first,0.000125537480,0.000000000000,0.000376612440,0.000000000000
MLP,100,Fy_energy,0.000116307487,0.000000000000,0.000000000000,0.000348922460
MLP,101,Tz_rms,0.000111360805,0.000000000000,0.000000000000,0.000334082415
MLP,102,Fx_variance,0.000110113965,0.000000000000,0.000000000000,0.000330341896
MLP,103,Ty_median,0.000108407339,0.000000000000,0.000000000000,0.000325222016
MLP,104,Fy_mean,0.000077732258,0.000000000000,0.000233196774,0.000000000000
MLP,105,Tz_crest_factor,0.000054778290,0.000164334869,0.000000000000,0.000000000000
MLP,106,Fx_iqr,0.000052509910,0.000157529731,0.000000000000,0.000000000000
MLP,107,Fy_rms,0.000000000000,0.000000000000,0.000000000000,0.000000000000
MLP,108,Fy_mean_abs,0.000000000000,0.000000000000,0.000000000000,0.000000000000
MLP,109,Fy_std,0.000000000000,0.000000000000,0.000000000000,0.000000000000
MLP,110,Fx_rms,0.000000000000,0.000000000000,0.000000000000,0.000000000000
MLP,111,Fx_std,0.000000000000,0.000000000000,0.000000000000,0.000000000000
MLP,112,Ty_power,0.000000000000,0.000000000000,0.000000000000,0.000000000000
MLP,113,Ty_variance,0.000000000000,0.000000000000,0.000000000000,0.000000000000
MLP,114,Tz_iqr,0.000000000000,0.000000000000,0.000000000000,0.000000000000
MLP,115,Fx_power,0.000000000000,0.000000000000,0.000000000000,0.000000000000
MLP,116,Fx_energy,0.000000000000,0.000000000000,0.000000000000,0.000000000000
MLP,117,Tz_peak_to_peak,0.000000000000,0.000000000000,0.000000000000,0.000000000000
MLP,118,Fy_variance,0.000000000000,0.000000000000,0.000000000000,0.000000000000
MLP,119,Ty_min,0.000000000000,0.000000000000,0.000000000000,0.000000000000
MLP,120,Fy_p90,0.000000000000,0.000000000000,0.000000000000,0.000000000000
MLP,121,Tz_power,0.000000000000,0.000000000000,0.000000000000,0.000000000000
MLP,122,Tx_variance,0.000000000000,0.000000000000,0.000000000000,0.000000000000
MLP,123,Fx_min,0.000000000000,0.000000000000,0.000000000000,0.000000000000
MLP,124,Tz_p90,0.000000000000,0.000000000000,0.000000000000,0.000000000000
MLP,125,Fy_min,0.000000000000,0.000000000000,0.000000000000,0.000000000000
MLP,126,Fx_p90,0.000000000000,0.000000000000,0.000000000000,0.000000000000
MLP,127,Tz_min,0.000000000000,0.000000000000,0.000000000000,0.000000000000
MLP,128,Tx_max,0.000000000000,0.000000000000,0.000000000000,0.000000000000
MLP,129,Fx_slope,0.000000000000,0.000000000000,0.000000000000,0.000000000000
MLP,130,Fy_slope,0.000000000000,0.000000000000,0.000000000000,0.000000000000
MLP,131,Tx_p90,0.000000000000,0.000000000000,0.000000000000,0.000000000000
MLP,132,Tz_first,0.000000000000,0.000000000000,0.000000000000,0.000000000000
MLP,133,Fz_slope,0.000000000000,0.000000000000,0.000000000000,0.000000000000
MLP,134,Ty_first,0.000000000000,0.000000000000,0.000000000000,0.000000000000
MLP,135,Ty_last,0.000000000000,0.000000000000,0.000000000000,0.000000000000
MLP,136,Fy_skewness,0.000000000000,0.000000000000,0.000000000000,0.000000000000
MLP,137,Fx_first,0.000000000000,0.000000000000,0.000000000000,0.000000000000
MLP,138,Fx_mean,0.000000000000,0.000000000000,0.000000000000,0.000000000000
MLP,139,Tz_last,0.000000000000,0.000000000000,0.000000000000,0.000000000000
MLP,140,Tz_mean,0.000000000000,0.000000000000,0.000000000000,0.000000000000
MLP,141,Tz_skewness,0.000000000000,0.000000000000,0.000000000000,0.000000000000
MLP,142,Tx_first,0.000000000000,0.000000000000,0.000000000000,0.000000000000
MLP,143,Ty_mean,0.000000000000,0.000000000000,0.000000000000,0.000000000000
MLP,144,Tx_skewness,0.000000000000,0.000000000000,0.000000000000,0.000000000000
LightGBM,1,Fz_mean_abs,0.291293943029,0.411247462769,0.011747693084,0.450886673235
LightGBM,2,Ty_iqr,0.287098742345,0.617852580456,0.239539370137,0.003904276440
LightGBM,3,Fz_std,0.251933122534,0.099965780422,0.598587219951,0.057246367228
LightGBM,4,Fz_peak_frequency,0.217249704609,0.000000000000,0.073127059537,0.578622054290
LightGBM,5,Fz_rms,0.207824329184,0.303284403196,0.016383212453,0.303805371902
LightGBM,6,Fx_rms,0.205083995081,0.115500919441,0.494219365514,0.005531700287
LightGBM,7,Fz_power,0.163577848366,0.163169450018,0.001791784879,0.325772310201
LightGBM,8,Fz_min,0.136076699049,0.104372393882,0.034251703820,0.269605999446
LightGBM,9,Fz_mean,0.135942097054,0.050351151278,0.052932068410,0.304543071475
LightGBM,10,Fz_variance,0.131783885095,0.079727426150,0.267849042381,0.047775186754
LightGBM,11,Ty_cv,0.123796060098,0.338928425089,0.032459755204,0.000000000000
LightGBM,12,Fx_mean_abs,0.112676678772,0.027860168114,0.310169868203,0.000000000000
LightGBM,13,Ty_min,0.108921944100,0.306480261763,0.018098351461,0.002187219074
LightGBM,14,Tx_shape_factor,0.106160944645,0.281381774413,0.023027768594,0.014073290926
LightGBM,15,Fy_max,0.099360632889,0.137423805052,0.149385665916,0.011272427701
LightGBM,16,Fx_min,0.095902061311,0.210520202963,0.067570943529,0.009615037441
LightGBM,17,Ty_p90,0.091009115140,0.246288228427,0.026739116993,0.000000000000
LightGBM,18,Fx_std,0.085092246196,0.051317113554,0.203959625033,0.000000000000
LightGBM,19,Fx_power,0.082838586843,0.065132565277,0.182117838584,0.001265356668
LightGBM,20,Fz_peak_to_peak,0.082284630735,0.056034635194,0.023571647711,0.167247609299
LightGBM,21,Tx_rms,0.074166629385,0.006681363615,0.028832784381,0.186985740160
LightGBM,22,Tx_zero_crossing_rate,0.073600179676,0.065743619380,0.118988233646,0.036068686003
LightGBM,23,Fy_rms,0.071749733184,0.018173704320,0.186832382400,0.010243112832
LightGBM,24,Fy_peak_frequency,0.065930581032,0.026326650079,0.171465093018,0.000000000000
LightGBM,25,Fz_slope,0.063860469045,0.117642479578,0.023096243238,0.050842684317
LightGBM,26,Fz_energy,0.063626714003,0.094258410050,0.000000000000,0.096621731959
LightGBM,27,Tz_rms,0.054437739023,0.042138083027,0.003656060613,0.117519073429
LightGBM,28,Ty_std,0.053909407294,0.080650350391,0.081077871492,0.000000000000
LightGBM,29,Tx_cv,0.052723659761,0.099546858358,0.010958978594,0.047665142330
LightGBM,30,Ty_shape_factor,0.047463627589,0.033939342389,0.108451540377,0.000000000000
LightGBM,31,Tx_min,0.046110408381,0.075090356371,0.003049965603,0.060190903170
LightGBM,32,Tz_shape_factor,0.046015785465,0.112786688444,0.020566018164,0.004694649787
LightGBM,33,Fz_iqr,0.045149490796,0.050086759725,0.040523472939,0.044838239723
LightGBM,34,Fz_last,0.044820632773,0.017924608977,0.037267261621,0.079270027722
LightGBM,35,Fx_shape_factor,0.044505940614,0.081395643651,0.000000000000,0.052122178189
LightGBM,36,Fy_mean_abs,0.043080085433,0.009742134436,0.114743735060,0.004754386802
LightGBM,37,Ty_peak_frequency,0.043023136644,0.026059902879,0.103009507052,0.000000000000
LightGBM,38,Fx_last,0.042860522008,0.034235540149,0.000000000000,0.094346025874
LightGBM,39,Tx_max,0.040724167169,0.065563043294,0.052635777953,0.003973680259
LightGBM,40,Fx_slope,0.040405399874,0.101002004521,0.001164774428,0.019049420673
LightGBM,41,Fx_energy,0.040137309649,0.028302015445,0.092109913503,0.000000000000
LightGBM,42,Fx_entropy,0.038041159407,0.101385937641,0.004873297409,0.007864243172
LightGBM,43,Tz_mean_abs,0.037915646029,0.038402921187,0.014864612202,0.060479404699
LightGBM,44,Tz_last,0.036557288766,0.080546415901,0.000000000000,0.029125450399
LightGBM,45,Ty_rms,0.036247427207,0.019575433995,0.000000000000,0.089166847625
LightGBM,46,Fx_skewness,0.036032944357,0.029250845878,0.005680137789,0.073167849405
LightGBM,47,Ty_slope,0.035063077371,0.101082268023,0.004106964090,0.000000000000
LightGBM,48,Tz_power,0.034441143156,0.036133958809,0.000000000000,0.067189470658
LightGBM,49,Ty_entropy,0.033772117608,0.091960845950,0.006388989838,0.002966517035
LightGBM,50,Tz_mean,0.032742624634,0.055427245934,0.039070088124,0.003730539842
LightGBM,51,Tx_energy,0.032378946299,0.007068083594,0.014297826387,0.075770928917
LightGBM,52,Fz_entropy,0.031745548178,0.054322655491,0.027212175542,0.013701813501
LightGBM,53,Fx_peak_frequency,0.031206150036,0.065638104432,0.023961824664,0.004018521013
LightGBM,54,Tx_peak_frequency,0.030356601743,0.001279772184,0.089790033043,0.000000000000
LightGBM,55,Fz_shape_factor,0.029983988952,0.052108249787,0.036246013995,0.001597703073
LightGBM,56,Tx_crest_factor,0.029644263784,0.083982108404,0.003385841342,0.001564841607
LightGBM,57,Ty_power,0.028294864382,0.045254713352,0.005488764219,0.034141115576
LightGBM,58,Fx_zero_crossing_rate,0.027225321198,0.015375412402,0.066300551192,0.000000000000
LightGBM,59,Tz_skewness,0.026491765453,0.008162252673,0.007136186956,0.064176856731
LightGBM,60,Fx_crest_factor,0.025881153285,0.077643459855,0.000000000000,0.000000000000
LightGBM,61,Fy_median,0.025798017756,0.061021497942,0.002790124486,0.013582430842
LightGBM,62,Tx_kurtosis,0.025600576225,0.006680589404,0.052973716250,0.017147423022
LightGBM,63,Fz_kurtosis,0.025247924091,0.063483878728,0.000000000000,0.012259893545
LightGBM,64,Fy_p90,0.024606856583,0.022982487184,0.049718002293,0.001120080272
LightGBM,65,Ty_variance,0.024463370795,0.049629838681,0.023760273703,0.000000000000
LightGBM,66,Tx_entropy,0.023374300002,0.058748591571,0.010297543362,0.001076765074
LightGBM,67,Tz_std,0.022582705577,0.067424567080,0.000323549652,0.000000000000
LightGBM,68,Tz_peak_to_peak,0.022258916666,0.023373628606,0.000000000000,0.043403121392
LightGBM,69,Tz_kurtosis,0.021511751130,0.056465979579,0.000000000000,0.008069273812
LightGBM,70,Ty_first,0.020077638135,0.031697115397,0.000000000000,0.028535799009
LightGBM,71,Fy_first,0.019990186362,0.027169885682,0.031944146564,0.000856526841
LightGBM,72,Fx_mean,0.019857964327,0.007271279088,0.001207135591,0.051095478302
LightGBM,73,Fz_first,0.019460985710,0.026520641296,0.012470733710,0.019391582125
LightGBM,74,Ty_max,0.019053730689,0.034144157986,0.023017034082,0.000000000000
LightGBM,75,Fy_shape_factor,0.018889378476,0.007724524506,0.009986466859,0.038957144065
LightGBM,76,Tx_mean_abs,0.017481551750,0.001691587170,0.000000000000,0.050753068080
LightGBM,77,Tx_first,0.017270106707,0.050552953626,0.000000000000,0.001257366495
LightGBM,78,Ty_kurtosis,0.016784331234,0.023352575151,0.004632060342,0.022368358207
LightGBM,79,Tx_std,0.015855868028,0.025530351910,0.017441923115,0.004595329060
LightGBM,80,Tz_slope,0.015190486695,0.020118364607,0.000000000000,0.025453095480
LightGBM,81,Fx_iqr,0.014680433435,0.044041300304,0.000000000000,0.000000000000
LightGBM,82,Fy_energy,0.014611864893,0.005499126978,0.035967959336,0.002368508364
LightGBM,83,Fy_slope,0.014133241959,0.017126742455,0.000000000000,0.025272983423
LightGBM,84,Tx_slope,0.013712882877,0.009328408853,0.027991957174,0.003818282603
LightGBM,85,Fz_crest_factor,0.013137756084,0.023195951358,0.016217316893,0.000000000000
LightGBM,86,Fx_p90,0.013004481231,0.025452970805,0.009243915140,0.004316557747
LightGBM,87,Fz_skewness,0.012765464490,0.012248590109,0.018266665085,0.007781138275
LightGBM,88,Fy_mean,0.012622321390,0.036812915365,0.000000000000,0.001054048804
LightGBM,89,Fy_skewness,0.012534222624,0.037592210296,0.000000000000,0.000010457577
LightGBM,90,Ty_crest_factor,0.011659578364,0.002826675244,0.024126720934,0.008025338914
LightGBM,91,Fy_entropy,0.011501038979,0.001761359635,0.017674293582,0.015067463720
LightGBM,92,Fy_cv,0.010953377431,0.019457295707,0.007467434622,0.005935401963
LightGBM,93,Fx_cv,0.010952913997,0.004868566385,0.025000953056,0.002989222551
LightGBM,94,Fx_median,0.010652456190,0.011247804933,0.000000000000,0.020709563637
LightGBM,95,Tx_peak_to_peak,0.010579568022,0.014023938872,0.004222253348,0.013492511845
LightGBM,96,Ty_mean,0.010474695560,0.024140013913,0.006449319208,0.000834753561
LightGBM,97,Tz_median,0.010287723354,0.026603223975,0.000000000000,0.004259946086
LightGBM,98,Fy_min,0.010169665822,0.026207272449,0.000000000000,0.004301725018
LightGBM,99,Fz_cv,0.009761241410,0.004767780455,0.017113979141,0.007401964634
LightGBM,100,Tz_iqr,0.009685974365,0.029057923094,0.000000000000,0.000000000000
LightGBM,101,Fx_peak_to_peak,0.009655477687,0.001567897734,0.024711239805,0.002687295522
LightGBM,102,Fx_first,0.009619985735,0.027174434495,0.000000000000,0.001685522709
LightGBM,103,Tx_median,0.009307123896,0.017526873962,0.008496864662,0.001897633064
LightGBM,104,Fy_peak_to_peak,0.009084154548,0.017388279419,0.009864184226,0.000000000000
LightGBM,105,Tx_skewness,0.008809019522,0.012009666661,0.007308882795,0.007108509111
LightGBM,106,Ty_zero_crossing_rate,0.008662570204,0.023441131362,0.000000000000,0.002546579252
LightGBM,107,Fy_iqr,0.008149926608,0.024350336318,0.000099443505,0.000000000000
LightGBM,108,Ty_mean_abs,0.007792258119,0.001378405923,0.017657932601,0.004340435832
LightGBM,109,Ty_median,0.007231416359,0.017048923504,0.004645325572,0.000000000000
LightGBM,110,Tz_zero_crossing_rate,0.007225523412,0.019704415522,0.000000000000,0.001972154714
LightGBM,111,Fy_crest_factor,0.007164955671,0.021494867013,0.000000000000,0.000000000000
LightGBM,112,Tz_energy,0.006903833244,0.009688760304,0.000230712105,0.010792027324
LightGBM,113,Ty_peak_to_peak,0.006594051422,0.002428805579,0.014896816710,0.002456531978
LightGBM,114,Tz_entropy,0.006461319477,0.006896911832,0.009934438030,0.002552608569
LightGBM,115,Fy_std,0.006321787479,0.000697370126,0.015472982212,0.002795010099
LightGBM,116,Tx_iqr,0.006240190680,0.018240229166,0.000000000000,0.000480342875
LightGBM,117,Ty_skewness,0.006168549656,0.017484158118,0.000000000000,0.001021490849
LightGBM,118,Tx_mean,0.005919486152,0.010634997276,0.000000000000,0.007123461179
LightGBM,119,Tx_last,0.005718393396,0.006815523566,0.010339656620,0.000000000000
LightGBM,120,Fx_max,0.005538626879,0.000575064003,0.011801968754,0.004238847879
LightGBM,121,Fx_variance,0.005436400905,0.004608301801,0.011700900913,0.000000000000
LightGBM,122,Ty_energy,0.005031611298,0.000450808281,0.000000000000,0.014644025613
LightGBM,123,Fy_kurtosis,0.004546030702,0.001252712631,0.011121737431,0.001263642043
LightGBM,124,Fz_median,0.004452318604,0.000710405041,0.010360339779,0.002286210992
LightGBM,125,Tz_peak_frequency,0.004193643937,0.009296623867,0.000000000000,0.003284307943
LightGBM,126,Tz_crest_factor,0.004017977601,0.011005571890,0.000000000000,0.001048360913
LightGBM,127,Tz_min,0.003833717534,0.011501152601,0.000000000000,0.000000000000
LightGBM,128,Tx_p90,0.003217658359,0.008969517938,0.000000000000,0.000683457140
LightGBM,129,Tx_power,0.002761215121,0.000000000000,0.001132246881,0.007151398483
LightGBM,130,Tz_variance,0.002755828539,0.008267485616,0.000000000000,0.000000000000
LightGBM,131,Fy_power,0.002685852364,0.000709112490,0.007348444602,0.000000000000
LightGBM,132,Tz_cv,0.002119129674,0.001359053468,0.000000000000,0.004998335554
LightGBM,133,Fx_kurtosis,0.001983645924,0.005418062797,0.000532874975,0.000000000000
LightGBM,134,Tz_first,0.001878631080,0.005635893239,0.000000000000,0.000000000000
LightGBM,135,Tx_variance,0.001552223316,0.002856504772,0.001800165175,0.000000000000
LightGBM,136,Fy_variance,0.001031974503,0.002205254407,0.000890669102,0.000000000000
LightGBM,137,Fz_max,0.000994270108,0.002860102811,0.000122707514,0.000000000000
LightGBM,138,Fy_last,0.000482081015,0.000747717912,0.000000000000,0.000698525133
LightGBM,139,Ty_last,0.000392651238,0.001177953714,0.000000000000,0.000000000000
LightGBM,140,Fy_zero_crossing_rate,0.000174315596,0.000000000000,0.000522946787,0.000000000000
LightGBM,141,Tz_p90,0.000119271969,0.000000000000,0.000000000000,0.000357815907
LightGBM,142,Fz_p90,0.000085184319,0.000000000000,0.000001429194,0.000254123764
LightGBM,143,Tz_max,0.000000000000,0.000000000000,0.000000000000,0.000000000000
LightGBM,144,Fz_zero_crossing_rate,0.000000000000,0.000000000000,0.000000000000,0.000000000000
