Corr_Threshold,Cum_Threshold,Combo_Label,Model,Num_Features,Accuracy,Accuracy_CI_Lower,Accuracy_CI_Upper,F1_Macro,F1_Macro_CI_Lower,F1_Macro_CI_Upper,F1_Weighted,F1_Weighted_CI_Lower,F1_Weighted_CI_Upper,Precision_Macro,Precision_Macro_CI_Lower,Precision_Macro_CI_Upper,Recall_Macro,Recall_Macro_CI_Lower,Recall_Macro_CI_Upper,CV_F1_Mean,CV_F1_Std,CV_F1_Best_Fold
0.70,0.800000,Corr70_Cum80,KNN,23,0.901961,0.823529,0.980392,0.893256,0.789737,0.976720,0.899609,0.808703,0.980118,0.919841,0.838380,0.981528,0.884400,0.784298,0.977796,0.904269,0.075835,1.000000
0.70,0.800000,Corr70_Cum80,SVM,23,0.921569,0.843137,0.980392,0.922399,0.836423,0.983102,0.922191,0.844359,0.980613,0.927690,0.852143,0.988506,0.919365,0.824290,0.988889,0.902824,0.059538,1.000000
0.70,0.800000,Corr70_Cum80,MLP,23,0.960784,0.901961,1.000000,0.959436,0.889609,1.000000,0.960681,0.899696,1.000000,0.963845,0.901147,1.000000,0.957351,0.880931,1.000000,0.884239,0.081849,1.000000
0.70,0.800000,Corr70_Cum80,LightGBM,23,0.941176,0.862745,1.000000,0.938483,0.858352,1.000000,0.940985,0.864519,1.000000,0.933067,0.846289,1.000000,0.945006,0.869039,1.000000,0.929692,0.082169,1.000000
0.70,0.850000,Corr70_Cum85,KNN,27,0.882353,0.784314,0.960784,0.885253,0.775441,0.966330,0.882876,0.783818,0.961154,0.876773,0.771010,0.964912,0.907969,0.817890,0.974359,0.908255,0.040246,1.000000
0.70,0.850000,Corr70_Cum85,SVM,27,0.941176,0.882353,1.000000,0.941450,0.862107,1.000000,0.941555,0.877982,1.000000,0.942735,0.872153,1.000000,0.945006,0.870368,1.000000,0.928211,0.037097,1.000000
0.70,0.850000,Corr70_Cum85,MLP,27,0.862745,0.764706,0.941667,0.862514,0.749982,0.948828,0.863848,0.760899,0.944096,0.880952,0.792828,0.962900,0.851075,0.735037,0.956966,0.914675,0.052614,1.000000
0.70,0.850000,Corr70_Cum85,LightGBM,27,0.941176,0.862745,1.000000,0.938483,0.858352,1.000000,0.940985,0.864519,1.000000,0.933067,0.846289,1.000000,0.945006,0.869039,1.000000,0.932550,0.059337,1.000000
0.70,0.900000,Corr70_Cum90,KNN,32,0.941176,0.862745,1.000000,0.938483,0.858352,1.000000,0.940985,0.864519,1.000000,0.933067,0.846289,1.000000,0.945006,0.869039,1.000000,0.922286,0.052521,1.000000
0.70,0.900000,Corr70_Cum90,SVM,32,0.921569,0.843137,0.980392,0.917216,0.817580,0.983325,0.921008,0.837430,0.980595,0.939876,0.865115,0.990196,0.901407,0.790451,0.988889,0.927453,0.047598,1.000000
0.70,0.900000,Corr70_Cum90,MLP,32,0.921569,0.843137,0.980392,0.917216,0.817580,0.983325,0.921008,0.837430,0.980595,0.939876,0.865115,0.990196,0.901407,0.790451,0.988889,0.917580,0.058561,1.000000
0.70,0.900000,Corr70_Cum90,LightGBM,32,0.960784,0.901961,1.000000,0.959436,0.889609,1.000000,0.960681,0.899696,1.000000,0.963845,0.901147,1.000000,0.957351,0.880931,1.000000,0.927759,0.050365,1.000000
0.70,0.950000,Corr70_Cum95,KNN,39,0.960784,0.901961,1.000000,0.954762,0.863713,1.000000,0.959524,0.891552,1.000000,0.977011,0.940476,1.000000,0.939394,0.833333,1.000000,0.928535,0.062459,1.000000
0.70,0.950000,Corr70_Cum95,SVM,39,0.901961,0.823529,0.980392,0.890685,0.782288,0.972664,0.899294,0.811345,0.979994,0.903439,0.795897,0.987179,0.884400,0.778261,0.977011,0.930723,0.057412,1.000000
0.70,0.950000,Corr70_Cum95,MLP,39,0.921569,0.843137,0.980392,0.918166,0.825918,0.983399,0.921008,0.839834,0.980589,0.930864,0.852963,0.988506,0.914703,0.825933,0.988889,0.927372,0.033758,1.000000
0.70,0.950000,Corr70_Cum95,LightGBM,39,0.960784,0.901961,1.000000,0.959436,0.889609,1.000000,0.960681,0.899696,1.000000,0.963845,0.901147,1.000000,0.957351,0.880931,1.000000,0.933725,0.046007,1.000000
0.70,1.000000,Corr70_Cum100,KNN,69,0.921569,0.843137,0.980392,0.914703,0.818684,0.981371,0.921569,0.839605,0.981007,0.914703,0.815424,0.988898,0.914703,0.818515,0.989906,0.918884,0.058821,1.000000
0.70,1.000000,Corr70_Cum100,SVM,69,0.960784,0.901961,1.000000,0.954762,0.881973,1.000000,0.959524,0.895592,1.000000,0.977011,0.942029,1.000000,0.939394,0.857143,1.000000,0.931558,0.051623,1.000000
0.70,1.000000,Corr70_Cum100,MLP,69,0.941176,0.882353,1.000000,0.941450,0.862107,1.000000,0.941555,0.877982,1.000000,0.942735,0.872153,1.000000,0.945006,0.870368,1.000000,0.923446,0.060599,1.000000
0.70,1.000000,Corr70_Cum100,LightGBM,69,0.941176,0.862745,1.000000,0.938483,0.858352,1.000000,0.940985,0.864519,1.000000,0.933067,0.846289,1.000000,0.945006,0.869039,1.000000,0.944078,0.048053,1.000000
0.75,0.800000,Corr75_Cum80,KNN,24,0.901961,0.803922,0.980392,0.884340,0.767173,0.973602,0.896189,0.787092,0.979977,0.931746,0.859247,0.988115,0.866442,0.760346,0.962963,0.899014,0.069702,1.000000
0.75,0.800000,Corr75_Cum80,SVM,24,0.921569,0.843137,0.980392,0.918166,0.811496,0.982492,0.921008,0.838576,0.980592,0.930864,0.856710,0.988506,0.914703,0.811810,0.988506,0.917843,0.074242,1.000000
0.75,0.800000,Corr75_Cum80,MLP,24,0.901961,0.803922,0.980392,0.893256,0.783099,0.977488,0.899609,0.799749,0.980079,0.919841,0.838264,0.981494,0.884400,0.780000,0.980406,0.898009,0.067918,1.000000
0.75,0.800000,Corr75_Cum80,LightGBM,24,0.960784,0.901961,1.000000,0.954762,0.863713,1.000000,0.959524,0.891552,1.000000,0.977011,0.940476,1.000000,0.939394,0.833333,1.000000,0.954381,0.043121,1.000000
0.75,0.850000,Corr75_Cum85,KNN,28,0.901961,0.803922,0.980392,0.884340,0.767173,0.973602,0.896189,0.787092,0.979977,0.931746,0.859247,0.988115,0.866442,0.760346,0.962963,0.912212,0.071579,1.000000
0.75,0.850000,Corr75_Cum85,SVM,28,0.941176,0.862745,1.000000,0.936139,0.845792,1.000000,0.940114,0.859654,1.000000,0.952381,0.885397,1.000000,0.927048,0.833796,1.000000,0.921574,0.047466,1.000000
0.75,0.850000,Corr75_Cum85,MLP,28,0.901961,0.803922,0.980392,0.899327,0.795378,0.979488,0.901981,0.810203,0.980263,0.916667,0.837849,0.985522,0.889062,0.773964,0.979167,0.913752,0.061337,1.000000
0.75,0.850000,Corr75_Cum85,LightGBM,28,0.980392,0.941176,1.000000,0.978066,0.922306,1.000000,0.980104,0.937588,1.000000,0.988095,0.958333,1.000000,0.969697,0.900000,1.000000,0.948290,0.045655,1.000000
0.75,0.900000,Corr75_Cum90,KNN,33,0.941176,0.862745,1.000000,0.936139,0.844903,1.000000,0.940114,0.859292,1.000000,0.952381,0.885851,1.000000,0.927048,0.828277,1.000000,0.913620,0.075408,1.000000
0.75,0.900000,Corr75_Cum90,SVM,33,0.941176,0.862745,1.000000,0.938483,0.852298,1.000000,0.940985,0.863509,1.000000,0.933067,0.838952,1.000000,0.945006,0.865875,1.000000,0.926033,0.071382,1.000000
0.75,0.900000,Corr75_Cum90,MLP,33,0.901961,0.823529,0.980392,0.893256,0.789927,0.975937,0.899609,0.810839,0.980049,0.919841,0.840728,0.982456,0.884400,0.785648,0.974359,0.922356,0.042619,1.000000
0.75,0.900000,Corr75_Cum90,LightGBM,33,0.960784,0.901961,1.000000,0.959436,0.889609,1.000000,0.960681,0.899696,1.000000,0.963845,0.901147,1.000000,0.957351,0.880931,1.000000,0.939143,0.044299,1.000000
0.75,0.950000,Corr75_Cum95,KNN,41,0.941176,0.862745,1.000000,0.934199,0.842881,1.000000,0.940311,0.860949,1.000000,0.942857,0.854693,1.000000,0.927048,0.824655,1.000000,0.919834,0.056176,1.000000
0.75,0.950000,Corr75_Cum95,SVM,41,0.941176,0.862745,1.000000,0.936139,0.855196,1.000000,0.940114,0.863426,1.000000,0.952381,0.888879,1.000000,0.927048,0.836342,1.000000,0.939334,0.044803,1.000000
0.75,0.950000,Corr75_Cum95,MLP,41,0.921569,0.843137,0.980392,0.911213,0.817511,0.982543,0.918688,0.834377,0.980577,0.941708,0.874995,0.990483,0.896745,0.803899,0.988115,0.939150,0.039592,1.000000
0.75,0.950000,Corr75_Cum95,LightGBM,41,0.941176,0.862745,1.000000,0.936139,0.839240,1.000000,0.940114,0.857535,1.000000,0.952381,0.886173,1.000000,0.927048,0.822121,1.000000,0.938653,0.058450,1.000000
0.75,1.000000,Corr75_Cum100,KNN,76,0.901961,0.803922,0.980392,0.890332,0.785018,0.972491,0.900518,0.807858,0.980001,0.897619,0.788166,0.980392,0.884400,0.777778,0.976211,0.946628,0.038336,1.000000
0.75,1.000000,Corr75_Cum100,SVM,76,0.960784,0.901961,1.000000,0.954762,0.881973,1.000000,0.959524,0.895592,1.000000,0.977011,0.942029,1.000000,0.939394,0.857143,1.000000,0.921590,0.056739,1.000000
0.75,1.000000,Corr75_Cum100,MLP,76,0.960784,0.901961,1.000000,0.957351,0.889181,1.000000,0.960784,0.901033,1.000000,0.957351,0.880059,1.000000,0.957351,0.885910,1.000000,0.930195,0.060423,1.000000
0.75,1.000000,Corr75_Cum100,LightGBM,76,0.960784,0.901961,1.000000,0.959436,0.889609,1.000000,0.960681,0.899696,1.000000,0.963845,0.901147,1.000000,0.957351,0.880931,1.000000,0.938664,0.045898,1.000000
0.80,0.800000,Corr80_Cum80,KNN,26,0.921569,0.843137,0.980392,0.920246,0.826261,0.983678,0.921461,0.841231,0.980674,0.911919,0.814387,0.987179,0.932660,0.851841,0.988889,0.891388,0.059402,1.000000
0.80,0.800000,Corr80_Cum80,SVM,26,0.960784,0.901961,1.000000,0.959436,0.889609,1.000000,0.960681,0.899696,1.000000,0.963845,0.901147,1.000000,0.957351,0.880931,1.000000,0.916471,0.058446,1.000000
0.80,0.800000,Corr80_Cum80,MLP,26,0.941176,0.862745,1.000000,0.941450,0.862263,1.000000,0.941555,0.864634,1.000000,0.942735,0.868671,1.000000,0.945006,0.864750,1.000000,0.893170,0.076881,1.000000
0.80,0.800000,Corr80_Cum80,LightGBM,26,0.960784,0.901961,1.000000,0.957351,0.889181,1.000000,0.960784,0.901033,1.000000,0.957351,0.880059,1.000000,0.957351,0.885910,1.000000,0.937892,0.053925,1.000000
0.80,0.850000,Corr80_Cum85,KNN,31,0.901961,0.803922,0.980392,0.902534,0.805199,0.979447,0.902120,0.814804,0.980480,0.893308,0.794965,0.979167,0.920314,0.836305,0.986667,0.913467,0.052720,1.000000
0.80,0.850000,Corr80_Cum85,SVM,31,0.941176,0.862745,1.000000,0.941450,0.862965,1.000000,0.941555,0.864573,1.000000,0.942735,0.869048,1.000000,0.945006,0.867675,1.000000,0.927301,0.061983,1.000000
0.80,0.850000,Corr80_Cum85,MLP,31,0.882353,0.784314,0.960784,0.882011,0.771598,0.965448,0.883193,0.788848,0.961078,0.896296,0.809499,0.968759,0.876716,0.761357,0.972222,0.914041,0.049244,1.000000
0.80,0.850000,Corr80_Cum85,LightGBM,31,0.941176,0.862745,1.000000,0.936139,0.839240,1.000000,0.940114,0.857535,1.000000,0.952381,0.886173,1.000000,0.927048,0.822121,1.000000,0.938812,0.053995,1.000000
0.80,0.900000,Corr80_Cum90,KNN,37,0.921569,0.843137,0.980392,0.911213,0.797030,0.982008,0.918688,0.830580,0.980564,0.941708,0.872190,0.989906,0.896745,0.783321,0.988889,0.899984,0.044848,0.953824
0.80,0.900000,Corr80_Cum90,SVM,37,0.941176,0.862745,1.000000,0.936139,0.855196,1.000000,0.940114,0.863426,1.000000,0.952381,0.888879,1.000000,0.927048,0.836342,1.000000,0.938887,0.029842,1.000000
0.80,0.900000,Corr80_Cum90,MLP,37,0.941176,0.862745,1.000000,0.936139,0.846046,1.000000,0.940114,0.859212,1.000000,0.952381,0.885707,1.000000,0.927048,0.833333,1.000000,0.937082,0.033783,1.000000
0.80,0.900000,Corr80_Cum90,LightGBM,37,0.941176,0.862745,1.000000,0.938483,0.858352,1.000000,0.940985,0.864519,1.000000,0.933067,0.846289,1.000000,0.945006,0.869039,1.000000,0.938523,0.039947,1.000000
0.80,0.950000,Corr80_Cum95,KNN,46,0.980392,0.941176,1.000000,0.979218,0.929110,1.000000,0.980633,0.942339,1.000000,0.972222,0.909091,1.000000,0.987654,0.960000,1.000000,0.926090,0.060989,1.000000
0.80,0.950000,Corr80_Cum95,SVM,46,0.941176,0.862745,1.000000,0.936139,0.855196,1.000000,0.940114,0.863426,1.000000,0.952381,0.888879,1.000000,0.927048,0.836342,1.000000,0.928418,0.032637,1.000000
0.80,0.950000,Corr80_Cum95,MLP,46,0.901961,0.823529,0.980392,0.897125,0.794401,0.977757,0.901036,0.819212,0.980192,0.896581,0.791919,0.977011,0.902357,0.809169,0.979167,0.933377,0.052849,1.000000
0.80,0.950000,Corr80_Cum95,LightGBM,46,0.941176,0.862745,1.000000,0.938483,0.858352,1.000000,0.940985,0.864519,1.000000,0.933067,0.846289,1.000000,0.945006,0.869039,1.000000,0.934194,0.050421,1.000000
0.80,1.000000,Corr80_Cum100,KNN,84,0.921569,0.843137,0.980392,0.914703,0.808841,0.980131,0.921569,0.832670,0.980777,0.914703,0.816707,0.988095,0.914703,0.808563,0.988506,0.933146,0.040839,1.000000
0.80,1.000000,Corr80_Cum100,SVM,84,0.960784,0.901961,1.000000,0.954762,0.881973,1.000000,0.959524,0.895592,1.000000,0.977011,0.942029,1.000000,0.939394,0.857143,1.000000,0.933696,0.032277,1.000000
0.80,1.000000,Corr80_Cum100,MLP,84,0.921569,0.843137,0.980392,0.918535,0.825800,0.981853,0.921702,0.841316,0.980831,0.907302,0.809949,0.987191,0.932660,0.851797,0.989583,0.927426,0.057047,1.000000
0.80,1.000000,Corr80_Cum100,LightGBM,84,0.960784,0.901961,1.000000,0.959436,0.889609,1.000000,0.960681,0.899696,1.000000,0.963845,0.901147,1.000000,0.957351,0.880931,1.000000,0.952453,0.038569,1.000000
0.85,0.800000,Corr85_Cum80,KNN,34,0.882353,0.784314,0.960784,0.855132,0.717630,0.952274,0.872355,0.756902,0.960347,0.922427,0.844465,0.979813,0.836139,0.723315,0.935030,0.905974,0.102153,1.000000
0.85,0.800000,Corr85_Cum80,SVM,34,0.921569,0.843137,0.980392,0.924003,0.839687,0.983404,0.922636,0.844038,0.980629,0.924167,0.848200,0.986667,0.932660,0.850598,0.989247,0.926573,0.064461,1.000000
0.85,0.800000,Corr85_Cum80,MLP,34,0.921569,0.843137,0.980392,0.911213,0.817511,0.982543,0.918688,0.834377,0.980577,0.941708,0.874995,0.990483,0.896745,0.803899,0.988115,0.898009,0.067918,1.000000
0.85,0.800000,Corr85_Cum80,LightGBM,34,0.941176,0.862745,1.000000,0.938483,0.858352,1.000000,0.940985,0.864519,1.000000,0.933067,0.846289,1.000000,0.945006,0.869039,1.000000,0.948879,0.034721,1.000000
0.85,0.850000,Corr85_Cum85,KNN,39,0.901961,0.823039,0.980392,0.892488,0.768059,0.977007,0.899897,0.803002,0.980143,0.929915,0.857024,0.987654,0.871104,0.744802,0.974359,0.903937,0.073041,0.953824
0.85,0.850000,Corr85_Cum85,SVM,39,0.960784,0.901961,1.000000,0.959436,0.889609,1.000000,0.960681,0.899696,1.000000,0.963845,0.901147,1.000000,0.957351,0.880931,1.000000,0.926454,0.067906,1.000000
0.85,0.850000,Corr85_Cum85,MLP,39,0.882353,0.783824,0.960784,0.882011,0.771963,0.961914,0.883193,0.778708,0.960784,0.896296,0.810843,0.970599,0.876716,0.761986,0.964693,0.903956,0.065187,1.000000
0.85,0.850000,Corr85_Cum85,LightGBM,39,0.921569,0.843137,0.980392,0.915344,0.805851,0.981844,0.920531,0.836821,0.980719,0.918166,0.819439,0.989247,0.914703,0.809770,0.988515,0.938532,0.045841,1.000000
0.85,0.900000,Corr85_Cum90,KNN,46,0.941176,0.862745,1.000000,0.938483,0.858352,1.000000,0.940985,0.864519,1.000000,0.933067,0.846289,1.000000,0.945006,0.869039,1.000000,0.901633,0.008463,0.915344
0.85,0.900000,Corr85_Cum90,SVM,46,0.941176,0.862745,1.000000,0.936139,0.855196,1.000000,0.940114,0.863426,1.000000,0.952381,0.888879,1.000000,0.927048,0.836342,1.000000,0.946417,0.041856,1.000000
0.85,0.900000,Corr85_Cum90,MLP,46,0.901961,0.823529,0.980392,0.893256,0.794898,0.971451,0.899609,0.812616,0.979698,0.919841,0.842736,0.980392,0.884400,0.787288,0.977011,0.919512,0.061382,1.000000
0.85,0.900000,Corr85_Cum90,LightGBM,46,0.921569,0.843137,0.980392,0.915344,0.805851,0.981844,0.920531,0.836821,0.980719,0.918166,0.819439,0.989247,0.914703,0.809770,0.988515,0.934038,0.052719,1.000000
0.85,0.950000,Corr85_Cum95,KNN,56,0.960784,0.901961,1.000000,0.957351,0.883929,1.000000,0.960784,0.900429,1.000000,0.957351,0.883542,1.000000,0.957351,0.879616,1.000000,0.921607,0.067514,1.000000
0.85,0.950000,Corr85_Cum95,SVM,56,0.941176,0.862745,1.000000,0.936139,0.855196,1.000000,0.940114,0.863426,1.000000,0.952381,0.888879,1.000000,0.927048,0.836342,1.000000,0.929944,0.040273,1.000000
0.85,0.950000,Corr85_Cum95,MLP,56,0.941176,0.862745,1.000000,0.936139,0.855196,1.000000,0.940114,0.863426,1.000000,0.952381,0.888879,1.000000,0.927048,0.836342,1.000000,0.926924,0.041382,1.000000
0.85,0.950000,Corr85_Cum95,LightGBM,56,0.921569,0.843137,0.980392,0.920246,0.826261,0.983678,0.921461,0.841231,0.980674,0.911919,0.814387,0.987179,0.932660,0.851841,0.988889,0.934030,0.047682,1.000000
0.85,1.000000,Corr85_Cum100,KNN,98,0.921569,0.843137,0.980392,0.914703,0.808841,0.980131,0.921569,0.832670,0.980777,0.914703,0.816707,0.988095,0.914703,0.808563,0.988506,0.949813,0.022410,1.000000
0.85,1.000000,Corr85_Cum100,SVM,98,0.960784,0.901961,1.000000,0.954762,0.881973,1.000000,0.959524,0.895592,1.000000,0.977011,0.942029,1.000000,0.939394,0.857143,1.000000,0.933135,0.046860,1.000000
0.85,1.000000,Corr85_Cum100,MLP,98,0.941176,0.862745,1.000000,0.936139,0.855196,1.000000,0.940114,0.863426,1.000000,0.952381,0.888879,1.000000,0.927048,0.836342,1.000000,0.925053,0.046151,1.000000
0.85,1.000000,Corr85_Cum100,LightGBM,98,0.941176,0.862745,1.000000,0.938483,0.858352,1.000000,0.940985,0.864519,1.000000,0.933067,0.846289,1.000000,0.945006,0.869039,1.000000,0.952824,0.038036,1.000000
0.90,0.800000,Corr90_Cum80,KNN,39,0.901961,0.803922,0.980392,0.884340,0.767173,0.973602,0.896189,0.787092,0.979977,0.931746,0.859247,0.988115,0.866442,0.760346,0.962963,0.909460,0.095500,1.000000
0.90,0.800000,Corr90_Cum80,SVM,39,0.980392,0.941176,1.000000,0.978066,0.922306,1.000000,0.980104,0.937588,1.000000,0.988095,0.958333,1.000000,0.969697,0.900000,1.000000,0.912916,0.085991,1.000000
0.90,0.800000,Corr90_Cum80,MLP,39,0.941176,0.862745,1.000000,0.941450,0.862263,1.000000,0.941555,0.864634,1.000000,0.942735,0.868671,1.000000,0.945006,0.864750,1.000000,0.893988,0.069511,1.000000
0.90,0.800000,Corr90_Cum80,LightGBM,39,0.960784,0.901961,1.000000,0.959436,0.889609,1.000000,0.960681,0.899696,1.000000,0.963845,0.901147,1.000000,0.957351,0.880931,1.000000,0.932856,0.080171,1.000000
0.90,0.850000,Corr90_Cum85,KNN,45,0.901961,0.803922,0.980392,0.884340,0.767173,0.973602,0.896189,0.787092,0.979977,0.931746,0.859247,0.988115,0.866442,0.760346,0.962963,0.893806,0.100096,1.000000
0.90,0.850000,Corr90_Cum85,SVM,45,0.960784,0.901961,1.000000,0.959436,0.889609,1.000000,0.960681,0.899696,1.000000,0.963845,0.901147,1.000000,0.957351,0.880931,1.000000,0.921467,0.048945,1.000000
0.90,0.850000,Corr90_Cum85,MLP,45,0.941176,0.862745,1.000000,0.936139,0.855196,1.000000,0.940114,0.863426,1.000000,0.952381,0.888879,1.000000,0.927048,0.836342,1.000000,0.899795,0.068547,1.000000
0.90,0.850000,Corr90_Cum85,LightGBM,45,0.941176,0.862745,1.000000,0.938483,0.858352,1.000000,0.940985,0.864519,1.000000,0.933067,0.846289,1.000000,0.945006,0.869039,1.000000,0.933308,0.071872,1.000000
0.90,0.900000,Corr90_Cum90,KNN,52,0.921569,0.843137,0.980392,0.917216,0.809723,0.982492,0.921008,0.839573,0.980472,0.939876,0.869041,0.989583,0.901407,0.784783,0.987179,0.920196,0.052143,1.000000
0.90,0.900000,Corr90_Cum90,SVM,52,0.941176,0.862745,1.000000,0.936139,0.855196,1.000000,0.940114,0.863426,1.000000,0.952381,0.888879,1.000000,0.927048,0.836342,1.000000,0.927179,0.039575,1.000000
0.90,0.900000,Corr90_Cum90,MLP,52,0.901961,0.823529,0.980392,0.900737,0.803413,0.980755,0.902118,0.816859,0.980443,0.911859,0.835775,0.979813,0.902357,0.805163,0.984865,0.917376,0.059691,1.000000
0.90,0.900000,Corr90_Cum90,LightGBM,52,0.921569,0.843137,0.980392,0.915344,0.805851,0.981844,0.920531,0.836821,0.980719,0.918166,0.819439,0.989247,0.914703,0.809770,0.988515,0.933084,0.054960,1.000000
0.90,0.950000,Corr90_Cum95,KNN,62,0.960784,0.901961,1.000000,0.960341,0.899433,1.000000,0.960820,0.902939,1.000000,0.948413,0.873576,1.000000,0.975309,0.940476,1.000000,0.921709,0.059764,1.000000
0.90,0.950000,Corr90_Cum95,SVM,62,0.941176,0.862745,1.000000,0.936139,0.855196,1.000000,0.940114,0.863426,1.000000,0.952381,0.888879,1.000000,0.927048,0.836342,1.000000,0.958249,0.038419,1.000000
0.90,0.950000,Corr90_Cum95,MLP,62,0.941176,0.862745,1.000000,0.936139,0.855196,1.000000,0.940114,0.863426,1.000000,0.952381,0.888879,1.000000,0.927048,0.836342,1.000000,0.930109,0.061257,1.000000
0.90,0.950000,Corr90_Cum95,LightGBM,62,0.941176,0.862745,1.000000,0.938483,0.858352,1.000000,0.940985,0.864519,1.000000,0.933067,0.846289,1.000000,0.945006,0.869039,1.000000,0.933956,0.047976,1.000000
0.90,1.000000,Corr90_Cum100,KNN,108,0.921569,0.843137,0.980392,0.914703,0.808841,0.980131,0.921569,0.832670,0.980777,0.914703,0.816707,0.988095,0.914703,0.808563,0.988506,0.939595,0.038264,1.000000
0.90,1.000000,Corr90_Cum100,SVM,108,0.960784,0.901961,1.000000,0.954762,0.881973,1.000000,0.959524,0.895592,1.000000,0.977011,0.942029,1.000000,0.939394,0.857143,1.000000,0.943545,0.034682,1.000000
0.90,1.000000,Corr90_Cum100,MLP,108,0.960784,0.901961,1.000000,0.959436,0.889609,1.000000,0.960681,0.899696,1.000000,0.963845,0.901147,1.000000,0.957351,0.880931,1.000000,0.926241,0.054995,1.000000
0.90,1.000000,Corr90_Cum100,LightGBM,108,0.960784,0.901961,1.000000,0.959436,0.889609,1.000000,0.960681,0.899696,1.000000,0.963845,0.901147,1.000000,0.957351,0.880931,1.000000,0.940160,0.056063,1.000000
0.95,0.800000,Corr95_Cum80,KNN,47,0.901961,0.803922,0.980392,0.893256,0.781413,0.977593,0.899609,0.801007,0.980154,0.919841,0.838347,0.982498,0.884400,0.779994,0.977778,0.909156,0.076974,1.000000
0.95,0.800000,Corr95_Cum80,SVM,47,0.960784,0.901961,1.000000,0.959436,0.889609,1.000000,0.960681,0.899696,1.000000,0.963845,0.901147,1.000000,0.957351,0.880931,1.000000,0.911256,0.063790,1.000000
0.95,0.800000,Corr95_Cum80,MLP,47,0.980392,0.941176,1.000000,0.978066,0.922306,1.000000,0.980104,0.937588,1.000000,0.988095,0.958333,1.000000,0.969697,0.900000,1.000000,0.917855,0.063166,1.000000
0.95,0.800000,Corr95_Cum80,LightGBM,47,0.941176,0.862745,1.000000,0.936139,0.839240,1.000000,0.940114,0.857535,1.000000,0.952381,0.886173,1.000000,0.927048,0.822121,1.000000,0.936501,0.082364,1.000000
0.95,0.850000,Corr95_Cum85,KNN,53,0.882353,0.784314,0.960784,0.855132,0.717630,0.952274,0.872355,0.756902,0.960347,0.922427,0.844465,0.979813,0.836139,0.723315,0.935030,0.906264,0.075873,1.000000
0.95,0.850000,Corr95_Cum85,SVM,53,0.941176,0.862745,1.000000,0.938483,0.852298,1.000000,0.940985,0.863509,1.000000,0.933067,0.838952,1.000000,0.945006,0.865875,1.000000,0.924866,0.089368,1.000000
0.95,0.850000,Corr95_Cum85,MLP,53,0.941176,0.862745,1.000000,0.941450,0.862965,1.000000,0.941555,0.864573,1.000000,0.942735,0.869048,1.000000,0.945006,0.867675,1.000000,0.899089,0.067699,1.000000
0.95,0.850000,Corr95_Cum85,LightGBM,53,0.941176,0.862745,1.000000,0.936139,0.839240,1.000000,0.940114,0.857535,1.000000,0.952381,0.886173,1.000000,0.927048,0.822121,1.000000,0.940545,0.060540,1.000000
0.95,0.900000,Corr95_Cum90,KNN,61,0.862745,0.764706,0.960784,0.837216,0.699855,0.945041,0.853340,0.735046,0.959121,0.900000,0.812273,0.967791,0.823793,0.708642,0.933333,0.922393,0.074396,1.000000
0.95,0.900000,Corr95_Cum90,SVM,61,0.960784,0.901961,1.000000,0.958889,0.882628,1.000000,0.960626,0.897632,1.000000,0.977011,0.939394,1.000000,0.944056,0.854879,1.000000,0.921610,0.068513,1.000000
0.95,0.900000,Corr95_Cum90,MLP,61,0.921569,0.843137,0.980392,0.918166,0.826849,0.983364,0.921008,0.839358,0.980613,0.930864,0.854766,0.989256,0.914703,0.822213,0.989247,0.907828,0.060518,1.000000
0.95,0.900000,Corr95_Cum90,LightGBM,61,0.941176,0.862745,1.000000,0.936139,0.839240,1.000000,0.940114,0.857535,1.000000,0.952381,0.886173,1.000000,0.927048,0.822121,1.000000,0.941814,0.066132,1.000000
0.95,0.950000,Corr95_Cum95,KNN,72,0.941176,0.862745,1.000000,0.938483,0.858352,1.000000,0.940985,0.864519,1.000000,0.933067,0.846289,1.000000,0.945006,0.869039,1.000000,0.921122,0.051181,1.000000
0.95,0.950000,Corr95_Cum95,SVM,72,0.941176,0.862745,1.000000,0.935789,0.846029,1.000000,0.940372,0.860641,1.000000,0.966667,0.924731,1.000000,0.913753,0.809524,1.000000,0.933032,0.056650,1.000000
0.95,0.950000,Corr95_Cum95,MLP,72,0.901961,0.803922,0.980392,0.895602,0.788172,0.973007,0.901399,0.805449,0.980192,0.889943,0.777769,0.976190,0.902357,0.807101,0.978495,0.923455,0.050655,1.000000
0.95,0.950000,Corr95_Cum95,LightGBM,72,0.960784,0.901961,1.000000,0.959436,0.889609,1.000000,0.960681,0.899696,1.000000,0.963845,0.901147,1.000000,0.957351,0.880931,1.000000,0.935316,0.074415,1.000000
0.95,1.000000,Corr95_Cum100,KNN,123,0.921569,0.843137,0.980392,0.914703,0.808841,0.980131,0.921569,0.832670,0.980777,0.914703,0.816707,0.988095,0.914703,0.808563,0.988506,0.923856,0.040610,1.000000
0.95,1.000000,Corr95_Cum100,SVM,123,0.960784,0.901961,1.000000,0.954762,0.881973,1.000000,0.959524,0.895592,1.000000,0.977011,0.942029,1.000000,0.939394,0.857143,1.000000,0.922381,0.053175,1.000000
0.95,1.000000,Corr95_Cum100,MLP,123,0.960784,0.901961,1.000000,0.959436,0.889609,1.000000,0.960681,0.899696,1.000000,0.963845,0.901147,1.000000,0.957351,0.880931,1.000000,0.906542,0.046293,1.000000
0.95,1.000000,Corr95_Cum100,LightGBM,123,0.960784,0.901961,1.000000,0.959436,0.889609,1.000000,0.960681,0.899696,1.000000,0.963845,0.901147,1.000000,0.957351,0.880931,1.000000,0.942302,0.037686,1.000000
1.00,0.800000,Corr100_Cum80,KNN,55,0.941176,0.862745,1.000000,0.941450,0.862263,1.000000,0.941555,0.864634,1.000000,0.942735,0.868671,1.000000,0.945006,0.864750,1.000000,0.910291,0.061564,1.000000
1.00,0.800000,Corr100_Cum80,SVM,55,0.960784,0.901961,1.000000,0.959436,0.889609,1.000000,0.960681,0.899696,1.000000,0.963845,0.901147,1.000000,0.957351,0.880931,1.000000,0.903347,0.078570,1.000000
1.00,0.800000,Corr100_Cum80,MLP,55,0.960784,0.901961,1.000000,0.959436,0.889609,1.000000,0.960681,0.899696,1.000000,0.963845,0.901147,1.000000,0.957351,0.880931,1.000000,0.899394,0.074953,1.000000
1.00,0.800000,Corr100_Cum80,LightGBM,55,0.921569,0.843137,0.980392,0.915344,0.805851,0.981844,0.920531,0.836821,0.980719,0.918166,0.819439,0.989247,0.914703,0.809770,0.988515,0.941059,0.064650,1.000000
1.00,0.850000,Corr100_Cum85,KNN,63,0.941176,0.862745,1.000000,0.936139,0.839240,1.000000,0.940114,0.857535,1.000000,0.952381,0.886173,1.000000,0.927048,0.822121,1.000000,0.907676,0.063485,1.000000
1.00,0.850000,Corr100_Cum85,SVM,63,0.980392,0.941176,1.000000,0.978066,0.922306,1.000000,0.980104,0.937588,1.000000,0.988095,0.958333,1.000000,0.969697,0.900000,1.000000,0.900485,0.079137,1.000000
1.00,0.850000,Corr100_Cum85,MLP,63,0.960784,0.901961,1.000000,0.959436,0.889609,1.000000,0.960681,0.899696,1.000000,0.963845,0.901147,1.000000,0.957351,0.880931,1.000000,0.894338,0.066483,1.000000
1.00,0.850000,Corr100_Cum85,LightGBM,63,0.941176,0.862745,1.000000,0.938483,0.858352,1.000000,0.940985,0.864519,1.000000,0.933067,0.846289,1.000000,0.945006,0.869039,1.000000,0.947006,0.047227,1.000000
1.00,0.900000,Corr100_Cum90,KNN,72,0.941176,0.862745,1.000000,0.936139,0.839240,1.000000,0.940114,0.857535,1.000000,0.952381,0.886173,1.000000,0.927048,0.822121,1.000000,0.906641,0.079342,1.000000
1.00,0.900000,Corr100_Cum90,SVM,72,0.941176,0.862745,1.000000,0.941450,0.862965,1.000000,0.941555,0.864573,1.000000,0.942735,0.869048,1.000000,0.945006,0.867675,1.000000,0.920033,0.076488,1.000000
1.00,0.900000,Corr100_Cum90,MLP,72,0.941176,0.862745,1.000000,0.941450,0.862965,1.000000,0.941555,0.864573,1.000000,0.942735,0.869048,1.000000,0.945006,0.867675,1.000000,0.889692,0.074490,1.000000
1.00,0.900000,Corr100_Cum90,LightGBM,72,0.921569,0.843137,0.980392,0.915344,0.805851,0.981844,0.920531,0.836821,0.980719,0.918166,0.819439,0.989247,0.914703,0.809770,0.988515,0.946124,0.058946,1.000000
1.00,0.950000,Corr100_Cum95,KNN,85,0.941176,0.862745,1.000000,0.938483,0.858352,1.000000,0.940985,0.864519,1.000000,0.933067,0.846289,1.000000,0.945006,0.869039,1.000000,0.916022,0.045354,1.000000
1.00,0.950000,Corr100_Cum95,SVM,85,0.960784,0.901961,1.000000,0.959436,0.889609,1.000000,0.960681,0.899696,1.000000,0.963845,0.901147,1.000000,0.957351,0.880931,1.000000,0.932031,0.043046,1.000000
1.00,0.950000,Corr100_Cum95,MLP,85,0.960784,0.901961,1.000000,0.959436,0.889609,1.000000,0.960681,0.899696,1.000000,0.963845,0.901147,1.000000,0.957351,0.880931,1.000000,0.926572,0.050156,1.000000
1.00,0.950000,Corr100_Cum95,LightGBM,85,0.941176,0.862745,1.000000,0.941450,0.862263,1.000000,0.941555,0.864634,1.000000,0.942735,0.868671,1.000000,0.945006,0.864750,1.000000,0.935156,0.070733,1.000000
1.00,1.000000,Corr100_Cum100,KNN,141,0.921569,0.843137,0.980392,0.914703,0.808841,0.980131,0.921569,0.832670,0.980777,0.914703,0.816707,0.988095,0.914703,0.808563,0.988506,0.925088,0.046625,1.000000
1.00,1.000000,Corr100_Cum100,SVM,141,0.941176,0.862745,1.000000,0.934199,0.853175,1.000000,0.940311,0.864677,1.000000,0.942857,0.863113,1.000000,0.927048,0.841313,1.000000,0.933451,0.041494,1.000000
1.00,1.000000,Corr100_Cum100,MLP,141,0.921569,0.843137,0.980392,0.911213,0.804825,0.981127,0.918688,0.830378,0.980552,0.941708,0.872222,0.989899,0.896745,0.789233,0.988106,0.906885,0.048034,1.000000
1.00,1.000000,Corr100_Cum100,LightGBM,141,0.960784,0.901961,1.000000,0.959436,0.889609,1.000000,0.960681,0.899696,1.000000,0.963845,0.901147,1.000000,0.957351,0.880931,1.000000,0.936365,0.067155,1.000000
NoCorr,0.800000,CorrNoCorr_Cum80,KNN,58,0.941176,0.862745,1.000000,0.941450,0.862263,1.000000,0.941555,0.864634,1.000000,0.942735,0.868671,1.000000,0.945006,0.864750,1.000000,0.910291,0.061564,1.000000
NoCorr,0.800000,CorrNoCorr_Cum80,SVM,58,0.960784,0.901961,1.000000,0.959436,0.889609,1.000000,0.960681,0.899696,1.000000,0.963845,0.901147,1.000000,0.957351,0.880931,1.000000,0.903068,0.081989,1.000000
NoCorr,0.800000,CorrNoCorr_Cum80,MLP,58,0.960784,0.901961,1.000000,0.959436,0.889609,1.000000,0.960681,0.899696,1.000000,0.963845,0.901147,1.000000,0.957351,0.880931,1.000000,0.903762,0.063683,1.000000
NoCorr,0.800000,CorrNoCorr_Cum80,LightGBM,58,0.960784,0.901961,1.000000,0.959436,0.889609,1.000000,0.960681,0.899696,1.000000,0.963845,0.901147,1.000000,0.957351,0.880931,1.000000,0.946124,0.058946,1.000000
NoCorr,0.850000,CorrNoCorr_Cum85,KNN,65,0.901961,0.803922,0.980392,0.884340,0.767173,0.973602,0.896189,0.787092,0.979977,0.931746,0.859247,0.988115,0.866442,0.760346,0.962963,0.892348,0.091070,1.000000
NoCorr,0.850000,CorrNoCorr_Cum85,SVM,65,0.901961,0.823529,0.980392,0.893162,0.794512,0.972579,0.903720,0.823709,0.980318,0.884103,0.790456,0.973359,0.907019,0.808749,0.980392,0.900371,0.088126,1.000000
NoCorr,0.850000,CorrNoCorr_Cum85,MLP,65,0.980392,0.941176,1.000000,0.978066,0.922306,1.000000,0.980104,0.937588,1.000000,0.988095,0.958333,1.000000,0.969697,0.900000,1.000000,0.908504,0.063863,1.000000
NoCorr,0.850000,CorrNoCorr_Cum85,LightGBM,65,0.941176,0.862745,1.000000,0.936139,0.839240,1.000000,0.940114,0.857535,1.000000,0.952381,0.886173,1.000000,0.927048,0.822121,1.000000,0.940766,0.073570,1.000000
NoCorr,0.900000,CorrNoCorr_Cum90,KNN,74,0.921569,0.843137,0.980392,0.911213,0.801921,0.982870,0.918688,0.823344,0.980676,0.941708,0.870830,0.989899,0.896745,0.782526,0.989278,0.909390,0.086394,1.000000
NoCorr,0.900000,CorrNoCorr_Cum90,SVM,74,0.960784,0.901961,1.000000,0.959436,0.888400,1.000000,0.960681,0.899482,1.000000,0.963845,0.904296,1.000000,0.957351,0.882174,1.000000,0.926338,0.079322,1.000000
NoCorr,0.900000,CorrNoCorr_Cum90,MLP,74,0.941176,0.862745,1.000000,0.941450,0.862965,1.000000,0.941555,0.864573,1.000000,0.942735,0.869048,1.000000,0.945006,0.867675,1.000000,0.899980,0.068250,1.000000
NoCorr,0.900000,CorrNoCorr_Cum90,LightGBM,74,0.941176,0.862745,1.000000,0.938483,0.854295,1.000000,0.940985,0.867607,1.000000,0.933067,0.842588,1.000000,0.945006,0.864896,1.000000,0.936216,0.052934,1.000000
NoCorr,0.950000,CorrNoCorr_Cum95,KNN,87,0.960784,0.901961,1.000000,0.959436,0.889609,1.000000,0.960681,0.899696,1.000000,0.963845,0.901147,1.000000,0.957351,0.880931,1.000000,0.910464,0.075051,1.000000
NoCorr,0.950000,CorrNoCorr_Cum95,SVM,87,0.941176,0.862745,1.000000,0.938483,0.852298,1.000000,0.940985,0.863509,1.000000,0.933067,0.838952,1.000000,0.945006,0.865875,1.000000,0.919489,0.056337,1.000000
NoCorr,0.950000,CorrNoCorr_Cum95,MLP,87,0.960784,0.901961,1.000000,0.959436,0.889609,1.000000,0.960681,0.899696,1.000000,0.963845,0.901147,1.000000,0.957351,0.880931,1.000000,0.928239,0.055196,1.000000
NoCorr,0.950000,CorrNoCorr_Cum95,LightGBM,87,0.960784,0.901961,1.000000,0.959436,0.889609,1.000000,0.960681,0.899696,1.000000,0.963845,0.901147,1.000000,0.957351,0.880931,1.000000,0.941136,0.056582,1.000000
NoCorr,1.000000,CorrNoCorr_Cum100,KNN,144,0.921569,0.843137,0.980392,0.914703,0.808841,0.980131,0.921569,0.832670,0.980777,0.914703,0.816707,0.988095,0.914703,0.808563,0.988506,0.925088,0.046625,1.000000
NoCorr,1.000000,CorrNoCorr_Cum100,SVM,144,0.980392,0.941176,1.000000,0.978066,0.922306,1.000000,0.980104,0.937588,1.000000,0.988095,0.958333,1.000000,0.969697,0.900000,1.000000,0.917731,0.057648,1.000000
NoCorr,1.000000,CorrNoCorr_Cum100,MLP,144,0.960784,0.901961,1.000000,0.959436,0.889609,1.000000,0.960681,0.899696,1.000000,0.963845,0.901147,1.000000,0.957351,0.880931,1.000000,0.907313,0.049336,1.000000
NoCorr,1.000000,CorrNoCorr_Cum100,LightGBM,144,0.941176,0.862745,1.000000,0.938483,0.858352,1.000000,0.940985,0.864519,1.000000,0.933067,0.846289,1.000000,0.945006,0.869039,1.000000,0.939698,0.051442,1.000000
